trade_id,date,client_id,pair,side,lots,profit_usd
2905,2025-07-01,89,XAUUSD,buy,1.0,74.97
1713,2025-07-01,27,EURUSD,buy,2.0,69.01
730,2025-07-01,58,GBPUSD,sell,0.05,0.17
2438,2025-07-01,197,EURUSD,sell,1.0,241.01
2623,2025-07-01,9,EURUSD,buy,0.1,1.18
2999,2025-07-01,126,EURUSD,sell,0.1,-16.06
316,2025-07-01,127,GBPUSD,sell,0.1,9.45
2389,2025-07-01,84,USDJPY,sell,0.1,7.56
1607,2025-07-01,180,EURUSD,sell,0.01,-1.03
207,2025-07-01,51,USDJPY,buy,0.05,-4.38
1246,2025-07-02,111,GBPUSD,buy,0.1,4.56
1012,2025-07-02,34,EURUSD,buy,0.01,-0.4
1393,2025-07-02,98,USDJPY,buy,0.5,-0.64
1137,2025-07-02,118,USDJPY,sell,0.01,0.48
178,2025-07-02,6,XAUUSD,sell,2.0,-249.89
2174,2025-07-02,188,GBPUSD,buy,0.01,0.41
1858,2025-07-02,163,EURUSD,buy,0.05,-0.25
2188,2025-07-02,26,XAUUSD,sell,0.1,4.41
2287,2025-07-02,200,EURUSD,buy,0.01,-0.68
1247,2025-07-03,175,EURUSD,sell,0.01,1.13
2140,2025-07-03,57,XAUUSD,buy,0.05,-8.97
968,2025-07-03,61,GBPUSD,buy,0.1,6.87
915,2025-07-03,101,XAUUSD,buy,0.01,-0.11
2046,2025-07-03,14,GBPUSD,sell,0.05,1.96
1778,2025-07-03,3,USDJPY,buy,0.01,-0.17
2263,2025-07-03,153,XAUUSD,sell,0.1,0.73
345,2025-07-03,191,XAUUSD,buy,0.5,58.2
1666,2025-07-04,50,XAUUSD,buy,0.1,25.06
1009,2025-07-04,196,USDJPY,sell,0.1,-3.94
1640,2025-07-04,79,XAUUSD,buy,0.5,77.2
1636,2025-07-04,145,EURUSD,buy,0.01,0.19
1461,2025-07-04,194,EURUSD,buy,1.0,-56.48
1681,2025-07-04,92,GBPUSD,sell,0.05,2.78
446,2025-07-04,66,XAUUSD,buy,0.1,29.61
1073,2025-07-04,56,EURUSD,sell,0.05,-0.93
2262,2025-07-04,166,XAUUSD,buy,0.5,-19.05
1773,2025-07-04,83,EURUSD,sell,0.5,30.84
241,2025-07-07,16,XAUUSD,buy,0.5,-176.68
1589,2025-07-07,14,GBPUSD,buy,1.0,23.45
2679,2025-07-07,101,USDJPY,sell,0.5,11.37
1014,2025-07-07,143,USDJPY,sell,0.1,-2.16
1746,2025-07-07,113,XAUUSD,buy,0.5,-58.92
1622,2025-07-07,117,EURUSD,buy,0.01,0.08
267,2025-07-07,3,GBPUSD,sell,2.0,-232.34
1164,2025-07-07,45,USDJPY,buy,0.01,-0.45
1167,2025-07-07,13,GBPUSD,sell,0.05,0.61
1839,2025-07-07,93,XAUUSD,buy,0.01,-0.33
1837,2025-07-07,53,USDJPY,buy,1.0,-52.4
491,2025-07-07,161,XAUUSD,sell,0.1,22.24
2822,2025-07-07,21,GBPUSD,sell,1.0,27.89
1594,2025-07-07,38,USDJPY,buy,1.0,-45.76
2159,2025-07-07,22,USDJPY,buy,0.01,-1.65
930,2025-07-07,30,EURUSD,sell,0.1,-8.15
887,2025-07-07,56,GBPUSD,sell,0.01,-0.29
1957,2025-07-08,98,XAUUSD,sell,0.01,-0.39
616,2025-07-08,86,USDJPY,buy,0.01,-0.41
1526,2025-07-08,68,XAUUSD,buy,0.5,27.15
849,2025-07-08,34,EURUSD,sell,0.01,-1.35
2794,2025-07-08,36,USDJPY,buy,0.01,1.48
484,2025-07-08,174,GBPUSD,buy,0.01,-0.1
660,2025-07-08,121,USDJPY,sell,0.01,-1.15
1860,2025-07-08,147,USDJPY,buy,0.01,1.36
1686,2025-07-08,58,XAUUSD,sell,0.01,-0.08
457,2025-07-08,113,XAUUSD,buy,0.1,-2.57
393,2025-07-08,200,USDJPY,sell,1.0,0.44
2682,2025-07-08,151,GBPUSD,sell,0.01,-0.06
151,2025-07-09,29,XAUUSD,sell,0.1,-9.59
2493,2025-07-09,45,EURUSD,sell,0.05,1.37
1729,2025-07-09,177,XAUUSD,sell,0.05,5.29
2235,2025-07-09,72,USDJPY,sell,0.05,0.05
2957,2025-07-09,51,GBPUSD,buy,2.0,50.87
1723,2025-07-09,22,GBPUSD,buy,0.1,-13.77
522,2025-07-09,78,XAUUSD,sell,0.05,3.63
495,2025-07-09,186,GBPUSD,buy,2.0,-248.27
1961,2025-07-09,10,USDJPY,sell,0.01,0.63
874,2025-07-09,108,GBPUSD,sell,0.1,-17.76
1358,2025-07-09,62,GBPUSD,sell,0.1,5.83
70,2025-07-10,126,XAUUSD,buy,0.01,0.43
37,2025-07-10,141,GBPUSD,sell,0.5,-53.17
707,2025-07-10,85,XAUUSD,buy,0.01,-2.69
702,2025-07-10,102,EURUSD,sell,1.0,129.2
2626,2025-07-10,194,USDJPY,sell,0.01,0.55
768,2025-07-10,126,GBPUSD,sell,2.0,330.11
1733,2025-07-10,23,USDJPY,sell,0.05,3.6
477,2025-07-10,184,EURUSD,sell,1.0,24.57
436,2025-07-11,164,EURUSD,sell,0.05,2.71
1363,2025-07-11,83,USDJPY,sell,0.01,-0.1
2435,2025-07-11,33,XAUUSD,sell,0.5,123.06
1962,2025-07-11,196,USDJPY,buy,1.0,-31.99
1347,2025-07-11,87,GBPUSD,sell,0.01,-1.18
2474,2025-07-11,158,GBPUSD,buy,0.5,-38.5
126,2025-07-11,187,EURUSD,buy,0.05,-1.65
289,2025-07-11,19,EURUSD,buy,0.5,-26.28
2466,2025-07-11,140,XAUUSD,sell,0.01,-0.1
1830,2025-07-11,119,USDJPY,sell,2.0,157.77
2989,2025-07-11,44,USDJPY,buy,0.1,6.05
1101,2025-07-11,120,XAUUSD,sell,0.05,5.47
1645,2025-07-11,6,GBPUSD,sell,1.0,45.68
2625,2025-07-11,86,USDJPY,buy,0.5,78.94
2194,2025-07-14,144,EURUSD,buy,0.5,-14.7
1093,2025-07-14,190,EURUSD,sell,0.1,-1.51
2858,2025-07-14,52,XAUUSD,buy,0.01,1.45
2942,2025-07-14,81,GBPUSD,sell,0.01,1.23
28,2025-07-14,33,USDJPY,sell,0.05,-6.89
1456,2025-07-14,26,USDJPY,sell,0.01,0.08
1173,2025-07-14,125,EURUSD,buy,0.05,8.86
1124,2025-07-14,120,GBPUSD,buy,0.1,6.29
746,2025-07-14,164,XAUUSD,buy,0.05,-4.14
2833,2025-07-14,13,XAUUSD,sell,0.5,-10.67
2617,2025-07-14,28,GBPUSD,sell,0.01,1.14
1281,2025-07-14,184,EURUSD,sell,0.5,21.17
2105,2025-07-14,24,GBPUSD,sell,0.5,29.18
212,2025-07-15,162,GBPUSD,sell,0.01,-0.47
1370,2025-07-15,109,XAUUSD,sell,0.01,0.76
708,2025-07-15,13,EURUSD,sell,0.5,-30.69
1203,2025-07-15,38,USDJPY,sell,0.1,14.01
613,2025-07-15,107,USDJPY,sell,0.5,-24.48
1100,2025-07-15,49,EURUSD,buy,0.05,-5.9
1654,2025-07-15,159,XAUUSD,sell,0.05,-6.19
239,2025-07-15,114,XAUUSD,buy,1.0,183.05
2148,2025-07-15,103,XAUUSD,buy,0.01,-0.24
2209,2025-07-15,5,XAUUSD,sell,1.0,271.45
2098,2025-07-15,188,GBPUSD,buy,1.0,31.05
1727,2025-07-15,177,USDJPY,sell,1.0,34.04
875,2025-07-15,73,EURUSD,sell,0.1,-9.03
2468,2025-07-15,115,USDJPY,buy,0.5,-39.97
1539,2025-07-15,141,USDJPY,sell,1.0,30.63
1127,2025-07-15,198,EURUSD,sell,0.01,0.63
1797,2025-07-16,113,XAUUSD,sell,0.01,1.8
510,2025-07-16,171,XAUUSD,buy,0.5,112.15
300,2025-07-16,25,GBPUSD,sell,0.5,103.55
1978,2025-07-16,4,EURUSD,sell,0.1,-2.24
949,2025-07-16,68,EURUSD,sell,0.01,0.66
489,2025-07-16,154,EURUSD,sell,1.0,131.1
2189,2025-07-16,113,XAUUSD,buy,0.01,1.61
2737,2025-07-16,50,USDJPY,buy,0.5,-50.59
2460,2025-07-16,149,XAUUSD,buy,0.05,4.66
1136,2025-07-16,135,EURUSD,sell,0.1,6.28
553,2025-07-16,175,XAUUSD,buy,0.1,-3.2
2087,2025-07-17,54,GBPUSD,sell,1.0,-14.42
451,2025-07-17,162,USDJPY,buy,0.01,0.46
1809,2025-07-17,23,XAUUSD,buy,0.01,1.22
277,2025-07-17,66,XAUUSD,buy,0.01,-0.02
829,2025-07-17,31,GBPUSD,sell,0.1,0.2
2388,2025-07-17,164,XAUUSD,buy,0.01,1.59
1034,2025-07-17,151,EURUSD,buy,0.01,0.12
1428,2025-07-17,189,EURUSD,buy,0.01,1.26
208,2025-07-17,133,GBPUSD,sell,0.05,3.78
965,2025-07-17,81,XAUUSD,buy,0.01,1.33
2487,2025-07-17,8,USDJPY,buy,0.05,0.58
211,2025-07-18,37,USDJPY,sell,0.01,1.46
1280,2025-07-18,14,USDJPY,sell,1.0,44.87
983,2025-07-18,118,EURUSD,buy,0.5,-22.35
1063,2025-07-18,143,XAUUSD,sell,0.5,32.25
937,2025-07-18,151,XAUUSD,sell,0.05,-2.37
158,2025-07-18,149,XAUUSD,buy,0.1,13.78
430,2025-07-18,125,EURUSD,sell,0.01,0.25
1675,2025-07-18,34,XAUUSD,sell,0.5,41.51
290,2025-07-18,125,XAUUSD,buy,0.05,5.44
1576,2025-07-18,109,EURUSD,sell,0.5,-51.85
69,2025-07-18,32,GBPUSD,buy,0.1,-6.04
1299,2025-07-21,101,GBPUSD,sell,0.05,0.39
1476,2025-07-21,18,XAUUSD,sell,0.1,-4.86
298,2025-07-21,23,USDJPY,buy,0.05,-7.67
2372,2025-07-21,39,GBPUSD,buy,2.0,115.29
2190,2025-07-21,181,EURUSD,sell,0.1,9.45
1938,2025-07-21,1,XAUUSD,buy,0.1,0.08
941,2025-07-21,125,XAUUSD,sell,0.5,-20.67
840,2025-07-21,122,USDJPY,sell,0.05,0.82
164,2025-07-22,117,XAUUSD,buy,0.01,-1.39
18,2025-07-22,50,XAUUSD,buy,0.01,0.53
653,2025-07-22,19,USDJPY,sell,0.05,-6.24
2884,2025-07-22,121,USDJPY,sell,0.05,-2.12
1254,2025-07-22,109,EURUSD,buy,0.01,1.9
2008,2025-07-22,51,EURUSD,buy,0.5,25.51
2736,2025-07-22,92,XAUUSD,sell,0.01,-1.38
761,2025-07-22,157,USDJPY,buy,0.01,-0.36
1305,2025-07-22,114,USDJPY,sell,0.01,-1.08
1649,2025-07-23,188,GBPUSD,buy,0.01,-0.55
2079,2025-07-23,173,EURUSD,buy,0.01,-1.15
2804,2025-07-23,136,GBPUSD,buy,0.01,0.07
1768,2025-07-23,23,EURUSD,buy,0.1,-1.68
546,2025-07-23,21,GBPUSD,sell,0.1,4.46
2506,2025-07-23,12,EURUSD,buy,0.01,0.11
356,2025-07-23,115,EURUSD,buy,0.1,12.69
1103,2025-07-23,136,EURUSD,buy,0.5,12.26
1090,2025-07-23,172,GBPUSD,buy,0.01,0.03
1214,2025-07-23,2,EURUSD,sell,0.05,0.89
1886,2025-07-23,20,EURUSD,buy,0.1,-4.19
485,2025-07-23,32,GBPUSD,buy,1.0,31.43
2715,2025-07-23,176,GBPUSD,buy,0.01,0.21
916,2025-07-23,96,EURUSD,sell,0.01,0.85
1775,2025-07-23,13,USDJPY,sell,2.0,69.78
307,2025-07-23,155,USDJPY,buy,0.1,-1.57
184,2025-07-23,75,EURUSD,buy,0.05,-1.38
889,2025-07-23,128,GBPUSD,sell,0.05,-3.24
1824,2025-07-23,86,EURUSD,buy,0.5,-12.68
2142,2025-07-24,113,USDJPY,buy,0.05,-3.39
410,2025-07-24,5,USDJPY,buy,0.1,-4.21
1897,2025-07-24,67,EURUSD,sell,0.1,-0.57
322,2025-07-24,165,GBPUSD,buy,0.01,0.75
701,2025-07-24,196,EURUSD,sell,0.1,7.75
1174,2025-07-24,111,GBPUSD,sell,0.05,5.31
1940,2025-07-24,57,GBPUSD,buy,0.01,0.81
2442,2025-07-24,12,GBPUSD,sell,1.0,4.07
1156,2025-07-25,91,USDJPY,buy,0.05,2.96
80,2025-07-25,103,USDJPY,sell,0.1,8.18
1342,2025-07-25,49,USDJPY,sell,0.01,0.51
1455,2025-07-25,108,USDJPY,buy,0.01,1.22
45,2025-07-25,107,EURUSD,buy,0.01,0.11
1168,2025-07-25,12,EURUSD,sell,0.01,1.18
2545,2025-07-25,180,XAUUSD,buy,0.05,-0.47
1982,2025-07-25,79,EURUSD,buy,0.05,-0.81
1464,2025-07-25,6,EURUSD,sell,0.05,0.89
1781,2025-07-25,144,GBPUSD,sell,0.1,6.33
2548,2025-07-25,40,XAUUSD,buy,0.5,23.33
688,2025-07-25,163,XAUUSD,sell,0.01,1.35
2586,2025-07-25,3,USDJPY,buy,0.5,77.89
801,2025-07-25,62,GBPUSD,buy,0.05,5.96
2451,2025-07-25,116,XAUUSD,sell,0.05,-3.51
577,2025-07-25,155,USDJPY,sell,0.5,-35.1
1049,2025-07-28,152,USDJPY,sell,0.01,0.65
1153,2025-07-28,67,GBPUSD,sell,0.05,1.17
2294,2025-07-28,29,EURUSD,buy,0.1,18.54
549,2025-07-28,57,XAUUSD,buy,0.05,5.16
159,2025-07-28,167,EURUSD,sell,0.01,-0.2
2304,2025-07-28,190,USDJPY,sell,0.5,0.55
165,2025-07-28,164,GBPUSD,buy,0.01,0.25
2836,2025-07-28,139,EURUSD,buy,0.01,0.06
885,2025-07-28,73,XAUUSD,buy,0.05,4.53
920,2025-07-29,127,EURUSD,buy,0.05,6.46
823,2025-07-29,37,GBPUSD,sell,0.05,-1.13
2784,2025-07-29,200,EURUSD,sell,0.1,-2.73
1573,2025-07-29,6,GBPUSD,sell,0.01,0.45
1676,2025-07-29,65,EURUSD,buy,2.0,-73.09
1394,2025-07-29,72,XAUUSD,sell,1.0,83.38
2004,2025-07-29,152,USDJPY,buy,0.05,-1.21
1792,2025-07-29,44,GBPUSD,sell,0.1,10.18
1092,2025-07-29,89,USDJPY,sell,0.1,-7.66
1725,2025-07-29,128,XAUUSD,buy,0.01,-0.19
2786,2025-07-29,143,GBPUSD,sell,0.01,-0.61
2101,2025-07-29,28,EURUSD,sell,0.01,1.01
2217,2025-07-29,53,GBPUSD,buy,0.01,-0.66
249,2025-07-29,82,XAUUSD,buy,0.01,-0.59
731,2025-07-30,146,USDJPY,sell,0.01,0.0
1950,2025-07-30,97,XAUUSD,buy,0.1,32.4
1969,2025-07-30,16,USDJPY,buy,2.0,-235.87
2711,2025-07-30,90,EURUSD,buy,0.1,7.96
750,2025-07-30,95,EURUSD,sell,0.05,1.64
1274,2025-07-30,85,GBPUSD,buy,0.01,-0.04
1672,2025-07-30,190,XAUUSD,buy,0.05,-4.01
1628,2025-07-30,73,EURUSD,sell,0.05,3.69
860,2025-07-30,184,USDJPY,sell,0.1,-6.33
2029,2025-07-30,136,EURUSD,buy,0.5,-45.9
650,2025-07-30,26,EURUSD,sell,0.1,-14.36
966,2025-07-30,151,EURUSD,buy,0.05,4.44
1732,2025-07-30,52,XAUUSD,buy,2.0,173.1
1891,2025-07-30,130,EURUSD,buy,0.1,-4.4
1552,2025-07-30,176,XAUUSD,buy,1.0,191.46
2505,2025-07-31,30,XAUUSD,sell,0.1,2.41
492,2025-07-31,158,XAUUSD,sell,0.05,1.31
618,2025-07-31,138,EURUSD,buy,0.5,47.54
1484,2025-07-31,124,USDJPY,sell,1.0,-127.04
251,2025-07-31,69,XAUUSD,buy,1.0,121.96
1209,2025-07-31,166,GBPUSD,buy,0.5,-7.78
1290,2025-07-31,135,XAUUSD,buy,2.0,223.01
980,2025-07-31,166,XAUUSD,sell,0.1,-0.39
1052,2025-07-31,25,GBPUSD,sell,0.05,0.82
1367,2025-07-31,149,USDJPY,sell,0.5,-25.33
1319,2025-07-31,69,GBPUSD,sell,0.01,-0.03
115,2025-08-01,125,GBPUSD,buy,0.01,-0.69
2749,2025-08-01,104,EURUSD,buy,0.05,3.98
536,2025-08-01,72,EURUSD,buy,0.05,3.25
6,2025-08-01,197,XAUUSD,sell,0.5,113.93
1017,2025-08-01,71,GBPUSD,buy,0.05,1.29
2097,2025-08-01,134,XAUUSD,buy,2.0,86.08
1721,2025-08-01,74,EURUSD,buy,1.0,-14.34
2003,2025-08-01,79,EURUSD,buy,0.1,9.11
1550,2025-08-01,27,XAUUSD,sell,0.5,17.06
2391,2025-08-01,22,USDJPY,sell,0.05,4.41
1058,2025-08-01,42,USDJPY,buy,0.1,-6.24
858,2025-08-01,113,USDJPY,buy,0.5,-39.32
661,2025-08-01,78,USDJPY,sell,1.0,-26.69
766,2025-08-01,14,GBPUSD,sell,0.01,1.02
2312,2025-08-01,63,EURUSD,sell,0.01,0.26
2562,2025-08-04,26,GBPUSD,sell,0.5,-13.73
2507,2025-08-04,92,EURUSD,sell,0.05,-8.77
1066,2025-08-04,165,EURUSD,buy,0.1,7.68
2556,2025-08-04,66,EURUSD,sell,0.05,1.03
540,2025-08-04,55,EURUSD,sell,0.5,-62.17
1503,2025-08-04,167,GBPUSD,sell,0.1,8.79
2073,2025-08-04,98,USDJPY,sell,0.5,31.92
1121,2025-08-04,65,XAUUSD,buy,0.5,91.38
2796,2025-08-04,155,XAUUSD,sell,0.05,9.75
1403,2025-08-04,143,XAUUSD,sell,2.0,199.76
2121,2025-08-05,181,USDJPY,sell,0.5,31.09
2086,2025-08-05,55,XAUUSD,sell,0.05,4.02
714,2025-08-05,55,USDJPY,sell,0.5,-62.12
1861,2025-08-05,136,USDJPY,sell,0.01,1.6
727,2025-08-05,21,EURUSD,buy,0.05,6.54
440,2025-08-05,127,USDJPY,buy,0.01,-0.49
105,2025-08-05,54,XAUUSD,buy,1.0,130.43
1431,2025-08-05,135,GBPUSD,sell,0.01,0.73
1441,2025-08-05,62,XAUUSD,sell,0.5,0.47
2452,2025-08-05,40,GBPUSD,buy,0.1,-13.22
1472,2025-08-05,33,GBPUSD,sell,0.05,-4.64
511,2025-08-05,171,GBPUSD,sell,1.0,141.58
2162,2025-08-05,154,USDJPY,sell,0.05,1.74
1107,2025-08-05,127,EURUSD,buy,0.05,-3.07
2940,2025-08-06,65,GBPUSD,sell,0.1,-13.49
2041,2025-08-06,86,GBPUSD,sell,1.0,-116.94
2360,2025-08-06,22,XAUUSD,sell,0.5,31.89
2048,2025-08-06,139,GBPUSD,buy,0.01,0.6
1335,2025-08-06,66,XAUUSD,buy,0.01,-0.23
691,2025-08-06,120,XAUUSD,sell,0.1,-1.89
1097,2025-08-06,81,GBPUSD,buy,0.05,2.27
2398,2025-08-06,139,EURUSD,sell,0.05,-8.43
1807,2025-08-06,174,XAUUSD,buy,1.0,-67.39
434,2025-08-06,3,EURUSD,sell,0.01,1.42
504,2025-08-06,50,EURUSD,sell,0.5,17.57
519,2025-08-06,49,USDJPY,sell,0.05,-0.81
2923,2025-08-06,68,XAUUSD,buy,2.0,-49.16
1504,2025-08-07,181,XAUUSD,buy,0.05,9.68
218,2025-08-07,26,XAUUSD,buy,0.5,12.64
337,2025-08-07,124,GBPUSD,sell,0.05,2.51
592,2025-08-07,47,EURUSD,sell,1.0,69.86
2995,2025-08-07,165,USDJPY,sell,0.05,-0.89
1248,2025-08-07,116,GBPUSD,buy,0.5,-13.7
2783,2025-08-07,158,XAUUSD,sell,0.5,-36.1
176,2025-08-07,193,GBPUSD,buy,0.1,9.14
894,2025-08-07,3,EURUSD,sell,0.5,8.56
2879,2025-08-07,27,USDJPY,buy,0.1,6.89
2841,2025-08-07,53,USDJPY,buy,0.05,1.02
2895,2025-08-08,98,GBPUSD,buy,0.01,0.81
928,2025-08-08,9,USDJPY,sell,0.01,0.36
1053,2025-08-08,86,EURUSD,sell,0.1,-2.53
2851,2025-08-08,125,GBPUSD,sell,0.05,-3.8
681,2025-08-08,31,USDJPY,buy,0.01,-0.23
2202,2025-08-08,104,EURUSD,sell,0.01,0.88
1385,2025-08-08,116,GBPUSD,buy,0.01,1.01
1413,2025-08-08,58,EURUSD,buy,0.01,-0.61
1663,2025-08-08,81,USDJPY,buy,0.5,-85.73
648,2025-08-08,186,USDJPY,buy,0.1,6.66
1260,2025-08-08,43,XAUUSD,sell,0.01,-1.86
654,2025-08-11,172,XAUUSD,buy,0.5,15.29
2859,2025-08-11,142,XAUUSD,sell,2.0,-131.68
1119,2025-08-11,164,GBPUSD,buy,0.1,3.51
1557,2025-08-11,147,XAUUSD,sell,0.05,1.83
1673,2025-08-11,71,XAUUSD,sell,0.1,-1.43
1618,2025-08-11,107,XAUUSD,sell,0.1,-6.14
1162,2025-08-11,134,EURUSD,sell,0.01,0.51
283,2025-08-12,152,EURUSD,buy,0.01,-0.49
769,2025-08-12,188,XAUUSD,sell,0.01,-1.45
2615,2025-08-12,118,EURUSD,buy,0.5,-6.81
590,2025-08-12,184,EURUSD,buy,0.01,0.03
1687,2025-08-12,99,USDJPY,sell,2.0,49.96
1080,2025-08-12,157,XAUUSD,buy,1.0,-68.09
71,2025-08-12,86,XAUUSD,buy,0.1,-1.72
574,2025-08-12,85,USDJPY,buy,1.0,-42.9
60,2025-08-12,81,GBPUSD,sell,0.05,2.87
852,2025-08-12,184,USDJPY,sell,0.01,0.85
156,2025-08-12,118,EURUSD,buy,0.01,0.49
2522,2025-08-12,27,USDJPY,sell,0.05,-5.07
2513,2025-08-12,42,XAUUSD,sell,0.05,1.25
419,2025-08-13,75,USDJPY,buy,0.1,-4.44
89,2025-08-13,184,EURUSD,buy,0.05,1.07
1934,2025-08-13,126,GBPUSD,sell,0.05,1.67
2537,2025-08-13,151,EURUSD,buy,0.01,0.42
177,2025-08-13,179,USDJPY,buy,0.1,5.99
1087,2025-08-13,83,EURUSD,sell,0.01,-0.46
1418,2025-08-13,42,XAUUSD,sell,0.5,22.44
1223,2025-08-13,129,XAUUSD,buy,0.1,33.46
1151,2025-08-13,60,USDJPY,sell,0.1,11.47
1218,2025-08-13,83,USDJPY,sell,0.01,-0.34
1221,2025-08-13,110,USDJPY,sell,0.01,-0.45
809,2025-08-13,125,USDJPY,sell,0.1,10.39
2437,2025-08-14,139,USDJPY,sell,0.01,-0.02
2410,2025-08-14,150,XAUUSD,buy,0.01,0.18
1913,2025-08-14,139,GBPUSD,sell,0.1,-1.48
1927,2025-08-14,146,XAUUSD,sell,0.01,-0.78
85,2025-08-14,58,EURUSD,buy,0.05,-0.73
2656,2025-08-14,8,GBPUSD,sell,0.01,1.35
1745,2025-08-14,137,GBPUSD,sell,2.0,49.23
2342,2025-08-14,141,USDJPY,sell,0.5,-8.81
2270,2025-08-14,22,EURUSD,sell,0.5,38.78
327,2025-08-14,99,GBPUSD,buy,0.05,-1.52
2026,2025-08-14,198,GBPUSD,sell,0.01,0.39
2604,2025-08-14,81,USDJPY,sell,0.1,3.19
2106,2025-08-14,179,XAUUSD,buy,0.01,0.94
2308,2025-08-14,37,XAUUSD,sell,0.5,-27.01
1113,2025-08-15,164,EURUSD,buy,0.1,12.14
619,2025-08-15,11,GBPUSD,sell,0.1,8.22
2374,2025-08-15,102,GBPUSD,buy,0.1,7.98
1742,2025-08-15,154,EURUSD,buy,0.1,-9.77
1494,2025-08-15,179,USDJPY,buy,0.05,-0.39
1350,2025-08-15,66,GBPUSD,buy,0.5,36.1
2660,2025-08-15,89,USDJPY,sell,0.05,5.2
2601,2025-08-15,25,XAUUSD,sell,0.01,-0.33
27,2025-08-18,149,XAUUSD,buy,0.01,-2.22
2396,2025-08-18,186,EURUSD,buy,0.1,9.37
2477,2025-08-18,78,EURUSD,buy,2.0,-128.33
1068,2025-08-18,135,EURUSD,sell,0.5,19.81
94,2025-08-18,114,GBPUSD,sell,0.1,-5.23
1766,2025-08-18,146,EURUSD,buy,0.1,-7.47
780,2025-08-19,7,XAUUSD,sell,2.0,116.36
2993,2025-08-19,64,EURUSD,sell,0.1,-3.44
2646,2025-08-19,94,EURUSD,buy,0.1,0.17
757,2025-08-19,16,EURUSD,sell,0.1,-11.0
48,2025-08-19,116,EURUSD,buy,0.05,0.62
1644,2025-08-19,106,XAUUSD,buy,0.05,2.86
516,2025-08-19,110,GBPUSD,sell,0.01,-1.12
1735,2025-08-19,195,USDJPY,buy,0.01,0.39
291,2025-08-19,180,XAUUSD,sell,0.05,3.01
964,2025-08-19,107,XAUUSD,buy,0.1,-20.44
963,2025-08-19,99,GBPUSD,buy,0.1,-9.25
1303,2025-08-19,20,XAUUSD,buy,0.05,7.66
1185,2025-08-19,15,EURUSD,buy,0.1,4.25
812,2025-08-19,189,GBPUSD,sell,0.1,-6.32
1297,2025-08-19,30,EURUSD,buy,0.01,0.3
2872,2025-08-19,34,XAUUSD,sell,0.01,-0.56
466,2025-08-20,120,XAUUSD,sell,0.1,18.57
227,2025-08-20,78,GBPUSD,buy,0.05,4.04
333,2025-08-20,105,XAUUSD,buy,2.0,-410.87
933,2025-08-20,163,EURUSD,buy,0.01,0.07
190,2025-08-20,61,XAUUSD,buy,2.0,-72.12
82,2025-08-20,143,GBPUSD,sell,0.1,-3.81
2830,2025-08-20,165,XAUUSD,sell,0.05,3.67
2673,2025-08-20,87,EURUSD,buy,0.1,9.93
2550,2025-08-20,74,EURUSD,buy,0.05,2.17
449,2025-08-20,61,EURUSD,sell,2.0,58.68
1465,2025-08-20,166,EURUSD,sell,0.5,15.61
2976,2025-08-20,112,XAUUSD,buy,0.1,3.85
1512,2025-08-20,126,USDJPY,buy,0.05,5.68
1658,2025-08-20,147,GBPUSD,buy,0.05,4.19
2907,2025-08-20,45,XAUUSD,buy,0.05,12.99
1096,2025-08-21,66,XAUUSD,buy,0.5,-16.74
2488,2025-08-21,10,USDJPY,buy,0.5,-29.28
443,2025-08-21,129,USDJPY,sell,0.05,7.25
624,2025-08-21,23,USDJPY,sell,0.1,-3.8
2670,2025-08-21,148,XAUUSD,sell,0.5,81.73
2965,2025-08-21,160,EURUSD,sell,0.01,0.3
696,2025-08-21,18,GBPUSD,buy,0.05,-0.98
2271,2025-08-21,137,GBPUSD,sell,0.01,0.75
51,2025-08-21,113,GBPUSD,buy,0.5,-13.65
1720,2025-08-21,146,XAUUSD,sell,0.05,5.74
788,2025-08-21,113,USDJPY,buy,0.1,4.24
86,2025-08-22,161,GBPUSD,sell,0.1,-4.76
2345,2025-08-22,31,XAUUSD,buy,1.0,-79.29
992,2025-08-22,118,XAUUSD,buy,1.0,-41.52
2560,2025-08-22,154,EURUSD,sell,0.1,-5.71
237,2025-08-22,75,USDJPY,sell,0.1,1.73
1182,2025-08-22,132,EURUSD,sell,1.0,123.26
2152,2025-08-22,136,GBPUSD,buy,0.5,-45.7
1524,2025-08-22,111,USDJPY,sell,0.01,1.03
1804,2025-08-22,172,GBPUSD,buy,0.05,-0.37
1776,2025-08-22,35,GBPUSD,sell,0.01,-0.78
1141,2025-08-22,60,EURUSD,sell,0.5,39.39
1106,2025-08-22,136,USDJPY,sell,0.05,1.56
2563,2025-08-22,2,USDJPY,sell,0.1,1.76
1423,2025-08-25,175,XAUUSD,sell,0.05,5.67
57,2025-08-25,173,EURUSD,buy,0.05,-0.74
1800,2025-08-25,113,XAUUSD,buy,1.0,-177.69
2095,2025-08-25,116,XAUUSD,sell,0.1,13.5
728,2025-08-25,164,EURUSD,sell,0.01,-0.5
892,2025-08-25,176,USDJPY,buy,1.0,-15.57
2261,2025-08-25,117,GBPUSD,sell,0.05,3.79
985,2025-08-25,84,EURUSD,buy,0.1,3.97
2386,2025-08-25,80,EURUSD,buy,0.05,-2.01
1244,2025-08-25,101,GBPUSD,buy,0.5,-53.19
741,2025-08-25,6,XAUUSD,sell,0.01,-2.01
793,2025-08-25,5,XAUUSD,buy,2.0,257.78
975,2025-08-25,195,XAUUSD,buy,2.0,313.19
2439,2025-08-25,167,USDJPY,sell,0.1,-3.8
2494,2025-08-25,126,EURUSD,buy,0.1,4.05
1812,2025-08-25,96,GBPUSD,buy,0.1,-0.26
486,2025-08-26,138,GBPUSD,sell,0.1,5.96
2638,2025-08-26,129,EURUSD,sell,0.01,-0.23
2286,2025-08-26,197,XAUUSD,buy,1.0,-68.96
623,2025-08-26,148,XAUUSD,buy,0.05,4.31
2244,2025-08-26,196,XAUUSD,buy,0.5,-35.19
483,2025-08-26,55,USDJPY,buy,0.5,-5.04
64,2025-08-26,12,USDJPY,sell,0.5,-36.67
948,2025-08-26,188,GBPUSD,sell,2.0,19.45
2443,2025-08-26,125,GBPUSD,sell,0.05,-0.06
844,2025-08-26,121,GBPUSD,sell,0.01,1.57
1655,2025-08-26,189,GBPUSD,buy,0.05,-4.46
2672,2025-08-26,180,XAUUSD,sell,0.1,1.39
355,2025-08-26,146,USDJPY,sell,0.05,6.73
2882,2025-08-26,45,XAUUSD,sell,0.5,-87.02
2931,2025-08-26,115,GBPUSD,sell,0.5,-4.5
432,2025-08-26,20,GBPUSD,sell,1.0,28.16
163,2025-08-27,195,EURUSD,buy,0.5,18.0
1704,2025-08-27,10,EURUSD,sell,0.05,2.99
2761,2025-08-27,200,EURUSD,buy,0.01,0.62
243,2025-08-27,157,USDJPY,buy,0.5,28.37
1200,2025-08-27,56,USDJPY,sell,2.0,274.13
2449,2025-08-27,7,EURUSD,buy,0.01,0.13
2145,2025-08-27,192,EURUSD,sell,0.01,0.48
2580,2025-08-27,167,GBPUSD,buy,0.01,-0.55
880,2025-08-27,196,EURUSD,buy,0.1,11.49
2847,2025-08-27,116,EURUSD,sell,0.05,-5.69
955,2025-08-27,45,XAUUSD,buy,0.01,-0.5
2744,2025-08-27,166,USDJPY,sell,0.05,2.88
1328,2025-08-28,84,XAUUSD,sell,0.01,0.05
2536,2025-08-28,93,EURUSD,buy,0.1,9.78
1772,2025-08-28,107,GBPUSD,buy,2.0,-40.71
2914,2025-08-28,84,EURUSD,sell,0.5,43.32
2393,2025-08-28,133,EURUSD,buy,0.1,-1.01
1905,2025-08-28,135,EURUSD,buy,0.01,-0.44
1764,2025-08-28,102,EURUSD,buy,0.05,3.42
1968,2025-08-28,129,USDJPY,buy,0.5,25.42
564,2025-08-29,9,USDJPY,buy,1.0,-189.13
2587,2025-08-29,114,EURUSD,buy,0.1,-14.32
825,2025-08-29,167,USDJPY,sell,0.05,2.64
1195,2025-08-29,72,EURUSD,sell,0.01,-0.16
2665,2025-08-29,49,USDJPY,sell,0.5,7.73
1490,2025-08-29,185,GBPUSD,buy,0.5,-15.46
56,2025-08-29,103,XAUUSD,sell,0.1,-2.21
1400,2025-08-29,91,XAUUSD,sell,0.5,-21.13
2689,2025-08-29,179,EURUSD,buy,2.0,-113.91
438,2025-08-29,35,GBPUSD,buy,0.05,1.3
2719,2025-08-29,170,XAUUSD,buy,0.05,-4.77
1532,2025-08-29,105,XAUUSD,sell,0.5,127.74
1583,2025-08-29,148,GBPUSD,buy,0.01,0.84
2508,2025-09-01,39,GBPUSD,sell,0.05,-0.31
2450,2025-09-01,82,GBPUSD,sell,0.05,5.43
1015,2025-09-01,151,GBPUSD,sell,0.01,-0.18
1018,2025-09-01,107,GBPUSD,buy,0.5,5.02
2019,2025-09-01,99,USDJPY,sell,0.5,-11.56
2691,2025-09-01,124,GBPUSD,sell,0.1,-9.54
116,2025-09-01,134,GBPUSD,sell,0.05,1.03
2717,2025-09-01,111,GBPUSD,buy,0.5,9.3
1378,2025-09-01,193,XAUUSD,buy,0.5,68.47
1507,2025-09-01,157,XAUUSD,buy,0.05,7.65
66,2025-09-01,127,GBPUSD,buy,0.5,-74.51
1621,2025-09-02,47,EURUSD,buy,0.1,8.43
2077,2025-09-02,26,USDJPY,buy,0.01,1.64
1271,2025-09-02,3,GBPUSD,buy,0.5,49.01
2516,2025-09-02,71,XAUUSD,sell,0.05,3.77
2531,2025-09-02,65,USDJPY,buy,0.5,-46.39
3000,2025-09-02,134,GBPUSD,buy,1.0,94.83
2985,2025-09-02,16,XAUUSD,sell,0.1,10.07
344,2025-09-02,99,EURUSD,sell,0.01,-0.91
2918,2025-09-03,182,USDJPY,sell,1.0,76.16
2574,2025-09-03,14,USDJPY,sell,0.05,-0.73
270,2025-09-03,43,XAUUSD,buy,0.05,9.22
1578,2025-09-03,79,GBPUSD,buy,0.1,7.0
2631,2025-09-03,164,GBPUSD,buy,0.05,0.17
2456,2025-09-03,75,USDJPY,sell,0.1,2.39
1149,2025-09-03,161,EURUSD,sell,0.1,-14.81
2819,2025-09-03,69,USDJPY,sell,1.0,74.93
1831,2025-09-03,194,EURUSD,buy,1.0,-107.28
1265,2025-09-03,56,USDJPY,sell,0.01,1.31
751,2025-09-03,106,GBPUSD,sell,0.5,72.69
2122,2025-09-03,192,GBPUSD,buy,0.01,2.18
2363,2025-09-03,184,GBPUSD,buy,0.01,0.34
1065,2025-09-04,131,GBPUSD,buy,0.05,1.72
1505,2025-09-04,68,EURUSD,sell,0.5,-20.64
927,2025-09-04,197,USDJPY,sell,0.05,-7.4
1410,2025-09-04,43,XAUUSD,buy,0.01,1.75
2685,2025-09-04,106,GBPUSD,sell,1.0,-82.87
173,2025-09-04,158,EURUSD,buy,0.5,9.27
509,2025-09-04,85,USDJPY,buy,0.01,-0.12
1499,2025-09-04,113,GBPUSD,buy,0.01,0.29
394,2025-09-04,28,GBPUSD,buy,0.01,0.7
1514,2025-09-04,46,GBPUSD,sell,0.1,7.7
2832,2025-09-04,109,XAUUSD,sell,0.01,0.26
1665,2025-09-04,93,USDJPY,buy,0.5,-36.26
1302,2025-09-04,88,USDJPY,buy,2.0,272.07
358,2025-09-04,35,XAUUSD,buy,0.05,-1.08
587,2025-09-05,18,GBPUSD,sell,0.01,0.47
1241,2025-09-05,100,USDJPY,sell,0.01,-0.17
2186,2025-09-05,63,USDJPY,buy,0.01,-0.64
1892,2025-09-05,114,EURUSD,sell,0.1,7.7
581,2025-09-05,16,EURUSD,sell,1.0,18.74
2249,2025-09-05,56,GBPUSD,sell,0.05,-3.63
1880,2025-09-05,148,GBPUSD,sell,0.1,6.75
191,2025-09-05,93,USDJPY,sell,0.1,0.78
1055,2025-09-05,128,EURUSD,buy,0.05,-4.08
961,2025-09-05,57,GBPUSD,sell,2.0,10.28
2727,2025-09-05,75,USDJPY,sell,0.5,22.47
987,2025-09-05,98,XAUUSD,sell,0.01,0.91
2877,2025-09-05,100,XAUUSD,sell,0.01,-3.18
2306,2025-09-05,93,XAUUSD,sell,2.0,528.63
908,2025-09-05,197,EURUSD,sell,0.01,1.06
2147,2025-09-05,117,USDJPY,sell,0.1,9.39
558,2025-09-05,151,EURUSD,sell,0.01,0.86
2052,2025-09-05,165,XAUUSD,sell,0.01,-0.28
1264,2025-09-08,13,EURUSD,sell,1.0,-43.69
716,2025-09-08,5,GBPUSD,sell,0.1,4.42
78,2025-09-08,80,GBPUSD,buy,0.05,1.4
1850,2025-09-08,7,XAUUSD,buy,2.0,-383.09
2413,2025-09-08,174,GBPUSD,buy,0.01,-0.12
202,2025-09-08,193,XAUUSD,sell,0.5,27.57
117,2025-09-08,126,GBPUSD,buy,0.05,3.95
469,2025-09-08,116,USDJPY,sell,2.0,-119.41
562,2025-09-08,173,GBPUSD,sell,0.05,-6.05
2424,2025-09-08,14,XAUUSD,buy,0.01,0.82
2936,2025-09-08,107,EURUSD,sell,0.5,-1.05
1971,2025-09-08,7,EURUSD,buy,1.0,-17.32
684,2025-09-08,121,GBPUSD,sell,0.01,-1.05
366,2025-09-08,56,EURUSD,buy,0.01,-0.77
112,2025-09-08,58,GBPUSD,buy,0.05,-3.12
1652,2025-09-08,19,XAUUSD,buy,0.01,0.37
262,2025-09-08,130,EURUSD,buy,0.1,10.47
131,2025-09-08,133,XAUUSD,buy,0.1,18.73
2779,2025-09-09,195,XAUUSD,sell,0.05,2.01
2875,2025-09-09,135,GBPUSD,sell,0.01,-1.14
1696,2025-09-09,79,USDJPY,buy,0.05,0.99
2654,2025-09-09,164,XAUUSD,sell,0.1,7.46
1646,2025-09-09,7,USDJPY,sell,2.0,-24.98
1227,2025-09-09,97,USDJPY,sell,0.05,1.55
984,2025-09-09,87,GBPUSD,sell,0.05,2.64
1354,2025-09-09,56,XAUUSD,buy,0.1,18.04
1085,2025-09-10,132,EURUSD,buy,0.05,-2.22
659,2025-09-10,135,GBPUSD,sell,0.05,5.37
2897,2025-09-10,17,XAUUSD,buy,0.01,0.88
2224,2025-09-10,111,XAUUSD,buy,0.1,12.92
2259,2025-09-10,181,GBPUSD,buy,0.05,-2.84
2795,2025-09-10,132,USDJPY,buy,0.01,0.26
1220,2025-09-10,25,GBPUSD,sell,0.01,-0.15
1705,2025-09-10,146,USDJPY,sell,1.0,119.49
1187,2025-09-10,29,GBPUSD,buy,0.05,3.87
612,2025-09-10,192,XAUUSD,buy,0.1,0.63
2141,2025-09-10,52,USDJPY,buy,1.0,86.52
392,2025-09-11,190,USDJPY,buy,0.01,0.78
810,2025-09-11,143,EURUSD,sell,0.05,4.15
2898,2025-09-11,139,XAUUSD,buy,0.05,10.04
523,2025-09-11,126,XAUUSD,buy,0.1,1.42
2476,2025-09-11,53,EURUSD,sell,0.1,12.59
905,2025-09-11,150,GBPUSD,buy,0.01,-0.06
101,2025-09-11,76,GBPUSD,buy,0.05,4.03
360,2025-09-11,84,GBPUSD,sell,0.05,1.69
4,2025-09-11,4,USDJPY,sell,0.5,-5.54
1562,2025-09-12,175,XAUUSD,sell,0.05,8.74
1987,2025-09-12,177,USDJPY,buy,0.1,-4.26
1239,2025-09-12,79,XAUUSD,sell,0.01,-1.47
1234,2025-09-12,35,XAUUSD,sell,0.05,-0.04
1289,2025-09-12,63,EURUSD,sell,0.01,0.47
2961,2025-09-12,156,XAUUSD,sell,0.01,-0.3
29,2025-09-12,198,USDJPY,sell,0.01,0.36
2176,2025-09-12,66,USDJPY,buy,1.0,34.21
2407,2025-09-12,182,GBPUSD,buy,0.1,5.21
2011,2025-09-15,53,XAUUSD,sell,0.1,-3.83
2339,2025-09-15,119,EURUSD,buy,0.01,1.7
1912,2025-09-15,15,XAUUSD,buy,0.01,1.28
2034,2025-09-15,172,USDJPY,sell,0.01,1.89
735,2025-09-15,56,XAUUSD,sell,0.01,0.27
1396,2025-09-15,161,USDJPY,buy,0.1,9.77
2037,2025-09-15,6,EURUSD,sell,0.1,-8.5
2896,2025-09-15,177,EURUSD,sell,0.05,2.13
2526,2025-09-15,96,XAUUSD,sell,0.05,-5.63
2891,2025-09-15,102,USDJPY,buy,1.0,39.38
279,2025-09-15,118,EURUSD,sell,0.05,-1.16
1283,2025-09-15,10,USDJPY,sell,0.05,2.5
205,2025-09-15,163,EURUSD,sell,0.05,-3.7
253,2025-09-16,134,XAUUSD,buy,0.05,-9.82
187,2025-09-16,141,EURUSD,sell,0.01,0.35
2117,2025-09-16,196,EURUSD,buy,0.01,-1.25
891,2025-09-16,55,XAUUSD,sell,0.05,-2.75
988,2025-09-16,125,EURUSD,sell,0.5,12.04
1744,2025-09-16,76,EURUSD,sell,0.1,-3.51
1711,2025-09-16,50,XAUUSD,buy,0.01,0.86
934,2025-09-16,47,GBPUSD,buy,0.5,-31.25
405,2025-09-17,177,USDJPY,sell,0.1,-4.36
2277,2025-09-17,55,USDJPY,sell,0.05,2.31
1819,2025-09-17,120,EURUSD,sell,1.0,-60.93
1538,2025-09-17,195,GBPUSD,buy,0.5,-3.82
563,2025-09-17,163,USDJPY,sell,0.05,0.84
448,2025-09-17,123,XAUUSD,buy,0.01,1.99
1192,2025-09-17,113,XAUUSD,sell,0.1,14.12
1482,2025-09-17,181,GBPUSD,sell,0.05,-1.91
565,2025-09-17,113,GBPUSD,sell,1.0,14.76
2986,2025-09-18,196,USDJPY,buy,1.0,80.93
579,2025-09-18,168,EURUSD,sell,2.0,-64.07
271,2025-09-18,198,USDJPY,sell,0.01,0.02
3,2025-09-18,28,EURUSD,sell,1.0,-69.33
2549,2025-09-18,86,EURUSD,buy,0.5,-3.2
2038,2025-09-18,125,EURUSD,sell,1.0,132.59
596,2025-09-18,156,EURUSD,buy,0.05,1.25
1330,2025-09-18,8,USDJPY,buy,0.01,0.46
895,2025-09-18,75,XAUUSD,sell,1.0,81.54
779,2025-09-19,3,GBPUSD,buy,0.1,-10.29
1003,2025-09-19,173,USDJPY,buy,1.0,12.12
1994,2025-09-19,135,EURUSD,sell,0.1,-19.65
2730,2025-09-19,171,XAUUSD,buy,0.01,-0.67
1779,2025-09-19,116,EURUSD,sell,0.05,6.09
2033,2025-09-19,78,GBPUSD,sell,0.1,7.92
2759,2025-09-19,155,GBPUSD,sell,0.05,2.6
847,2025-09-19,95,USDJPY,buy,0.1,-13.74
1477,2025-09-22,175,XAUUSD,buy,0.01,1.28
919,2025-09-22,126,EURUSD,buy,0.5,-20.24
2889,2025-09-22,152,XAUUSD,sell,0.01,-1.15
2326,2025-09-22,86,GBPUSD,sell,0.1,1.43
1029,2025-09-22,191,XAUUSD,sell,0.5,7.06
2016,2025-09-22,180,USDJPY,sell,0.05,-4.98
501,2025-09-22,136,GBPUSD,buy,0.05,-2.26
2787,2025-09-22,122,GBPUSD,buy,0.01,0.75
494,2025-09-22,81,XAUUSD,buy,0.01,0.88
1147,2025-09-22,162,GBPUSD,sell,0.1,10.0
1926,2025-09-23,61,USDJPY,sell,0.01,0.52
174,2025-09-23,92,GBPUSD,sell,0.05,2.45
817,2025-09-23,195,XAUUSD,buy,1.0,-76.87
1551,2025-09-23,178,USDJPY,buy,1.0,-69.64
1747,2025-09-23,170,USDJPY,buy,0.1,-9.22
791,2025-09-23,42,XAUUSD,buy,1.0,71.57
2517,2025-09-23,33,EURUSD,buy,2.0,273.23
1002,2025-09-23,91,XAUUSD,sell,0.05,3.02
161,2025-09-23,39,USDJPY,buy,1.0,-45.49
1120,2025-09-24,22,XAUUSD,sell,0.01,1.73
645,2025-09-24,198,GBPUSD,buy,1.0,95.14
2635,2025-09-24,45,USDJPY,sell,0.1,3.54
49,2025-09-24,118,XAUUSD,buy,0.05,5.63
286,2025-09-24,171,EURUSD,buy,0.05,2.87
2070,2025-09-24,164,XAUUSD,buy,0.5,-5.76
566,2025-09-25,151,GBPUSD,buy,0.01,0.39
2112,2025-09-25,42,USDJPY,sell,0.05,-1.76
1022,2025-09-25,20,XAUUSD,sell,0.01,-0.18
2640,2025-09-25,157,USDJPY,buy,0.01,0.01
301,2025-09-25,42,XAUUSD,sell,0.5,5.02
1193,2025-09-25,27,USDJPY,buy,0.5,41.79
1951,2025-09-25,57,USDJPY,sell,0.05,2.42
2661,2025-09-25,36,GBPUSD,sell,0.01,0.85
1062,2025-09-25,146,GBPUSD,buy,0.05,-0.66
2971,2025-09-25,62,EURUSD,buy,2.0,122.48
2866,2025-09-26,104,USDJPY,sell,0.05,-1.52
1521,2025-09-26,82,EURUSD,buy,0.5,71.17
1189,2025-09-26,106,USDJPY,sell,0.05,2.86
1592,2025-09-26,98,XAUUSD,buy,0.01,2.36
1511,2025-09-26,57,GBPUSD,buy,0.05,4.39
1130,2025-09-26,71,GBPUSD,sell,0.01,-1.03
632,2025-09-26,45,USDJPY,buy,0.05,6.91
497,2025-09-26,110,GBPUSD,sell,0.01,-1.31
935,2025-09-29,121,XAUUSD,buy,0.1,-0.45
527,2025-09-29,72,USDJPY,sell,1.0,-37.35
1743,2025-09-29,136,USDJPY,buy,0.1,0.54
2769,2025-09-29,14,EURUSD,sell,2.0,288.76
1648,2025-09-29,35,USDJPY,buy,1.0,-91.27
1047,2025-09-29,10,USDJPY,buy,0.01,0.68
2108,2025-09-29,60,XAUUSD,buy,0.1,-0.07
1820,2025-09-29,191,EURUSD,sell,0.5,-39.57
2385,2025-09-30,60,USDJPY,sell,0.5,24.61
2175,2025-09-30,58,EURUSD,sell,0.05,-1.35
2365,2025-09-30,11,USDJPY,buy,0.5,-52.03
1832,2025-09-30,21,USDJPY,buy,1.0,-22.72
15,2025-09-30,63,XAUUSD,buy,0.01,-1.08
1642,2025-10-01,30,USDJPY,sell,0.1,9.08
1030,2025-10-01,4,GBPUSD,sell,0.05,1.92
293,2025-10-01,122,USDJPY,buy,0.05,8.98
745,2025-10-01,63,GBPUSD,buy,1.0,25.75
1878,2025-10-01,51,GBPUSD,sell,0.5,33.81
560,2025-10-01,78,EURUSD,buy,0.1,-22.02
2455,2025-10-01,129,EURUSD,sell,0.1,-8.21
1480,2025-10-01,128,GBPUSD,sell,0.01,-0.13
409,2025-10-01,83,USDJPY,buy,0.1,8.75
1575,2025-10-01,197,GBPUSD,buy,0.01,1.33
2234,2025-10-02,71,XAUUSD,buy,0.05,-3.95
2664,2025-10-02,98,EURUSD,sell,0.05,-0.81
2630,2025-10-02,84,EURUSD,sell,0.05,8.2
2383,2025-10-02,142,XAUUSD,sell,0.5,34.05
1416,2025-10-02,28,USDJPY,sell,0.01,-0.77
43,2025-10-02,105,EURUSD,buy,0.01,0.47
399,2025-10-02,148,XAUUSD,sell,0.05,-0.43
1585,2025-10-02,138,USDJPY,sell,0.01,-1.23
2269,2025-10-02,187,EURUSD,sell,1.0,-54.43
1755,2025-10-02,155,EURUSD,buy,0.05,6.23
713,2025-10-02,69,XAUUSD,buy,2.0,611.45
1072,2025-10-02,168,XAUUSD,buy,0.1,7.27
282,2025-10-02,70,EURUSD,sell,0.01,0.25
1952,2025-10-02,121,EURUSD,sell,0.1,-1.03
610,2025-10-02,38,USDJPY,sell,0.05,1.51
1064,2025-10-02,24,EURUSD,sell,0.1,-12.66
1829,2025-10-03,153,XAUUSD,sell,0.05,7.04
2356,2025-10-03,166,EURUSD,sell,0.1,6.1
1270,2025-10-03,31,GBPUSD,buy,0.05,0.19
2903,2025-10-06,7,GBPUSD,buy,0.1,1.99
1939,2025-10-06,47,EURUSD,buy,1.0,97.03
1943,2025-10-06,171,GBPUSD,sell,0.05,0.9
1568,2025-10-07,18,EURUSD,buy,0.5,31.17
2628,2025-10-07,127,GBPUSD,buy,0.01,1.9
2776,2025-10-07,179,USDJPY,sell,0.5,46.85
1701,2025-10-07,40,USDJPY,buy,0.5,9.69
336,2025-10-07,186,GBPUSD,sell,0.01,1.15
311,2025-10-07,78,XAUUSD,sell,1.0,-197.09
384,2025-10-07,172,USDJPY,buy,0.1,18.71
246,2025-10-07,23,GBPUSD,sell,0.05,-0.36
379,2025-10-08,151,EURUSD,buy,0.1,2.08
2974,2025-10-08,19,GBPUSD,sell,0.5,13.65
459,2025-10-08,116,EURUSD,buy,0.1,-3.07
331,2025-10-08,26,XAUUSD,sell,0.05,-5.07
1374,2025-10-08,188,USDJPY,sell,0.5,48.91
2497,2025-10-08,91,XAUUSD,sell,0.5,23.84
1310,2025-10-08,37,USDJPY,buy,0.05,-2.24
2406,2025-10-08,67,EURUSD,buy,0.05,-0.98
675,2025-10-08,143,USDJPY,sell,0.01,0.55
242,2025-10-08,52,GBPUSD,buy,0.5,41.81
2837,2025-10-08,14,GBPUSD,sell,0.5,73.33
914,2025-10-09,168,XAUUSD,buy,0.1,-2.64
122,2025-10-09,22,GBPUSD,sell,2.0,-25.19
1373,2025-10-09,34,GBPUSD,buy,0.01,-1.48
2774,2025-10-09,85,USDJPY,sell,0.05,-4.15
748,2025-10-09,194,USDJPY,buy,0.05,-2.48
2220,2025-10-09,140,XAUUSD,buy,1.0,-39.57
1036,2025-10-09,83,GBPUSD,buy,0.1,0.71
2499,2025-10-09,64,XAUUSD,sell,0.5,-9.11
2862,2025-10-09,170,XAUUSD,sell,0.05,-1.86
2600,2025-10-09,151,XAUUSD,buy,0.01,-0.21
1229,2025-10-10,81,USDJPY,buy,0.1,1.24
357,2025-10-10,33,USDJPY,buy,0.05,1.76
1007,2025-10-10,14,GBPUSD,sell,0.05,1.68
52,2025-10-10,57,EURUSD,buy,0.1,5.5
1777,2025-10-10,57,XAUUSD,buy,0.1,-6.71
365,2025-10-10,83,XAUUSD,sell,0.05,4.15
670,2025-10-10,29,XAUUSD,buy,0.5,40.9
2060,2025-10-13,186,XAUUSD,sell,0.1,14.66
1528,2025-10-13,63,XAUUSD,buy,0.05,-12.68
1194,2025-10-13,49,EURUSD,sell,0.01,0.56
372,2025-10-13,88,USDJPY,sell,0.05,0.58
2845,2025-10-13,173,GBPUSD,sell,0.05,7.29
1600,2025-10-13,37,USDJPY,sell,0.05,2.75
816,2025-10-13,174,EURUSD,sell,0.01,0.39
1885,2025-10-13,151,GBPUSD,sell,0.05,6.02
1237,2025-10-13,37,EURUSD,sell,0.1,4.4
1142,2025-10-13,21,XAUUSD,buy,0.05,3.32
1327,2025-10-14,71,XAUUSD,sell,0.5,-13.29
192,2025-10-14,100,EURUSD,sell,0.5,22.34
760,2025-10-14,19,EURUSD,buy,0.1,10.15
2869,2025-10-14,61,USDJPY,buy,0.01,-0.03
1057,2025-10-14,4,EURUSD,buy,0.05,1.94
2800,2025-10-14,154,EURUSD,sell,0.5,-3.4
2893,2025-10-14,183,USDJPY,sell,0.01,-0.1
1257,2025-10-14,55,EURUSD,sell,0.01,0.14
1748,2025-10-14,76,USDJPY,buy,0.01,-0.17
1031,2025-10-14,98,USDJPY,buy,0.5,-17.98
2081,2025-10-15,162,GBPUSD,buy,0.1,-0.69
2072,2025-10-15,170,XAUUSD,sell,0.05,-5.1
835,2025-10-15,34,USDJPY,buy,0.01,-1.47
2066,2025-10-15,38,USDJPY,sell,0.5,18.08
1380,2025-10-15,162,GBPUSD,buy,0.1,1.08
2104,2025-10-15,177,GBPUSD,sell,2.0,356.58
528,2025-10-15,62,EURUSD,sell,0.05,7.64
1225,2025-10-15,167,USDJPY,sell,0.01,1.2
1516,2025-10-15,191,USDJPY,buy,1.0,161.13
91,2025-10-15,65,GBPUSD,buy,0.05,3.07
1751,2025-10-15,105,EURUSD,sell,1.0,3.79
1911,2025-10-15,152,USDJPY,buy,0.01,0.29
1454,2025-10-15,155,XAUUSD,sell,0.05,-5.54
2227,2025-10-15,106,XAUUSD,sell,0.01,-0.42
317,2025-10-15,21,XAUUSD,sell,0.05,6.43
2723,2025-10-16,75,XAUUSD,sell,0.1,16.64
1191,2025-10-16,7,EURUSD,sell,0.1,4.35
2327,2025-10-16,23,USDJPY,sell,0.01,-0.64
318,2025-10-16,75,USDJPY,sell,0.5,-16.52
1317,2025-10-16,123,EURUSD,sell,0.01,0.27
196,2025-10-16,114,EURUSD,buy,0.01,0.95
1340,2025-10-16,133,USDJPY,sell,0.5,2.29
805,2025-10-16,14,USDJPY,sell,0.1,-8.13
773,2025-10-16,55,XAUUSD,buy,1.0,-172.18
1545,2025-10-16,191,EURUSD,buy,0.1,-13.17
2917,2025-10-16,86,GBPUSD,buy,0.5,38.97
83,2025-10-16,73,XAUUSD,buy,0.1,3.49
1434,2025-10-17,135,GBPUSD,buy,0.01,0.03
259,2025-10-17,155,EURUSD,sell,0.05,-0.35
2243,2025-10-17,93,EURUSD,buy,0.5,-13.28
1466,2025-10-17,198,USDJPY,sell,0.1,0.61
2817,2025-10-17,179,XAUUSD,buy,0.01,0.23
1760,2025-10-17,93,GBPUSD,sell,2.0,-169.14
2846,2025-10-17,178,USDJPY,sell,0.05,-3.87
1759,2025-10-17,62,GBPUSD,sell,0.1,-7.0
375,2025-10-17,195,USDJPY,sell,0.01,-0.02
580,2025-10-17,84,GBPUSD,buy,0.05,5.73
479,2025-10-17,61,XAUUSD,sell,0.05,8.43
2919,2025-10-17,199,USDJPY,buy,1.0,1.88
1741,2025-10-17,17,EURUSD,sell,1.0,79.95
1199,2025-10-20,51,EURUSD,buy,0.1,-3.14
526,2025-10-20,16,GBPUSD,buy,1.0,-44.66
1559,2025-10-20,111,EURUSD,sell,0.01,1.54
1895,2025-10-20,95,GBPUSD,sell,0.5,14.7
2126,2025-10-20,178,EURUSD,sell,0.01,1.16
1069,2025-10-20,197,XAUUSD,sell,0.5,-14.21
1876,2025-10-21,125,GBPUSD,buy,0.05,0.51
2764,2025-10-21,7,GBPUSD,buy,0.1,9.73
2902,2025-10-21,37,EURUSD,buy,0.01,1.19
2698,2025-10-21,42,USDJPY,sell,0.5,27.64
1669,2025-10-21,121,XAUUSD,sell,0.01,1.86
1288,2025-10-21,163,XAUUSD,sell,1.0,-36.2
811,2025-10-21,153,XAUUSD,sell,0.1,-0.08
1647,2025-10-21,176,GBPUSD,buy,0.1,0.8
2743,2025-10-21,16,GBPUSD,sell,0.01,0.41
1158,2025-10-22,33,GBPUSD,buy,0.01,1.3
978,2025-10-22,109,GBPUSD,sell,0.05,-0.86
1326,2025-10-22,33,EURUSD,buy,0.5,17.13
407,2025-10-22,52,GBPUSD,sell,2.0,159.64
1736,2025-10-22,18,GBPUSD,sell,0.5,15.11
24,2025-10-22,78,GBPUSD,sell,0.05,-1.86
59,2025-10-22,80,GBPUSD,buy,0.1,-10.14
2801,2025-10-22,191,USDJPY,buy,0.01,-0.74
2768,2025-10-22,64,USDJPY,sell,0.5,13.78
827,2025-10-22,31,USDJPY,sell,0.01,-1.3
1988,2025-10-22,29,EURUSD,sell,0.5,-43.99
2525,2025-10-22,151,EURUSD,buy,0.05,0.89
179,2025-10-22,143,GBPUSD,buy,0.1,-4.5
682,2025-10-22,48,EURUSD,sell,0.5,37.55
72,2025-10-22,37,XAUUSD,buy,0.01,0.59
1306,2025-10-22,180,XAUUSD,sell,0.5,-90.35
573,2025-10-23,93,XAUUSD,sell,0.1,12.0
570,2025-10-23,188,EURUSD,buy,0.5,7.75
2158,2025-10-23,107,USDJPY,buy,1.0,-2.52
2835,2025-10-23,85,XAUUSD,buy,0.01,0.78
1042,2025-10-23,107,USDJPY,sell,0.1,4.76
2403,2025-10-23,143,EURUSD,buy,0.05,-0.45
1632,2025-10-23,128,GBPUSD,sell,1.0,48.33
2844,2025-10-23,192,GBPUSD,sell,1.0,101.46
143,2025-10-23,128,GBPUSD,buy,0.05,-2.94
36,2025-10-23,22,GBPUSD,sell,2.0,-63.13
611,2025-10-23,199,USDJPY,sell,0.01,-1.6
1493,2025-10-23,193,GBPUSD,sell,2.0,-175.76
1610,2025-10-23,104,XAUUSD,sell,0.05,-7.69
2380,2025-10-24,137,EURUSD,sell,0.01,0.94
1925,2025-10-24,194,USDJPY,buy,1.0,0.13
506,2025-10-24,177,EURUSD,buy,0.01,2.08
2089,2025-10-24,4,EURUSD,buy,0.5,-44.37
1657,2025-10-24,6,USDJPY,sell,0.5,-7.54
1166,2025-10-24,158,USDJPY,buy,0.05,5.86
1417,2025-10-24,24,EURUSD,sell,0.05,1.47
1709,2025-10-24,151,USDJPY,buy,0.01,1.06
1377,2025-10-24,98,USDJPY,buy,2.0,-73.86
1989,2025-10-24,148,EURUSD,sell,0.05,2.83
843,2025-10-24,24,XAUUSD,sell,0.5,9.37
2599,2025-10-24,43,XAUUSD,buy,0.05,-2.75
636,2025-10-24,96,EURUSD,buy,0.5,15.81
2337,2025-10-24,59,USDJPY,buy,0.1,-2.03
475,2025-10-24,99,XAUUSD,sell,0.1,23.03
2887,2025-10-27,79,XAUUSD,sell,0.5,30.74
2441,2025-10-27,8,XAUUSD,buy,0.01,0.41
474,2025-10-27,127,XAUUSD,sell,0.1,12.32
417,2025-10-27,166,USDJPY,sell,0.5,-40.36
2924,2025-10-27,106,GBPUSD,buy,1.0,-51.43
1478,2025-10-27,54,EURUSD,buy,0.1,-0.51
2215,2025-10-27,193,XAUUSD,sell,0.1,28.91
2381,2025-10-27,98,XAUUSD,buy,0.05,-5.08
295,2025-10-27,175,GBPUSD,sell,0.05,2.05
465,2025-10-27,88,EURUSD,buy,0.5,22.77
1179,2025-10-27,132,EURUSD,buy,0.1,10.84
1553,2025-10-27,186,USDJPY,buy,0.5,-23.28
2123,2025-10-28,43,USDJPY,sell,2.0,-112.67
231,2025-10-28,31,GBPUSD,buy,1.0,141.17
2532,2025-10-28,67,GBPUSD,buy,1.0,56.94
1138,2025-10-28,1,XAUUSD,sell,0.1,14.72
1868,2025-10-29,119,GBPUSD,sell,0.1,11.61
2447,2025-10-29,117,GBPUSD,buy,0.05,2.16
1448,2025-10-29,66,XAUUSD,sell,0.1,4.57
630,2025-10-29,19,USDJPY,sell,0.5,-13.67
2748,2025-10-29,73,GBPUSD,buy,0.01,0.25
943,2025-10-29,164,GBPUSD,buy,0.05,-1.74
850,2025-10-29,153,XAUUSD,buy,0.1,-25.39
904,2025-10-29,62,EURUSD,buy,0.1,12.35
423,2025-10-30,80,GBPUSD,buy,2.0,180.12
2288,2025-10-30,67,EURUSD,sell,0.1,3.52
1379,2025-10-30,11,GBPUSD,buy,0.05,-0.37
1845,2025-10-30,161,GBPUSD,buy,0.05,-4.48
674,2025-10-30,138,USDJPY,sell,0.1,-10.0
2824,2025-10-30,108,GBPUSD,buy,0.05,5.91
367,2025-10-30,111,GBPUSD,sell,0.01,-0.7
198,2025-10-30,175,GBPUSD,sell,0.01,0.92
1108,2025-10-30,130,XAUUSD,buy,0.01,0.64
2782,2025-10-30,107,USDJPY,buy,0.1,-1.05
2780,2025-10-31,47,USDJPY,buy,0.5,45.11
743,2025-10-31,139,XAUUSD,buy,0.5,7.88
1930,2025-10-31,85,EURUSD,buy,0.1,17.38
2751,2025-10-31,125,EURUSD,sell,0.1,10.52
518,2025-10-31,87,USDJPY,buy,0.1,-8.81
673,2025-10-31,43,EURUSD,buy,0.5,15.22
2704,2025-10-31,88,XAUUSD,sell,0.05,-3.49
1275,2025-10-31,115,USDJPY,buy,2.0,64.57
813,2025-10-31,194,XAUUSD,buy,2.0,237.65
33,2025-10-31,183,EURUSD,sell,0.05,-1.47
637,2025-10-31,41,GBPUSD,sell,0.01,-0.92
1612,2025-10-31,172,GBPUSD,sell,0.05,-2.04
395,2025-10-31,2,XAUUSD,sell,0.05,4.99
2005,2025-10-31,194,USDJPY,buy,2.0,108.02
2756,2025-11-03,14,GBPUSD,buy,0.05,7.2
2283,2025-11-03,199,EURUSD,buy,1.0,-75.66
169,2025-11-03,191,EURUSD,sell,0.1,4.52
422,2025-11-03,77,GBPUSD,sell,0.05,-7.86
1566,2025-11-03,187,GBPUSD,sell,0.5,52.08
1357,2025-11-03,134,EURUSD,sell,0.01,1.59
2798,2025-11-03,65,XAUUSD,buy,0.01,0.17
1992,2025-11-03,96,GBPUSD,sell,2.0,-120.46
877,2025-11-03,57,USDJPY,buy,0.01,0.27
1501,2025-11-03,15,EURUSD,sell,0.1,4.43
2585,2025-11-03,76,XAUUSD,sell,0.05,7.21
861,2025-11-04,181,USDJPY,sell,0.05,2.98
2766,2025-11-04,185,USDJPY,buy,0.1,-3.39
1527,2025-11-04,2,GBPUSD,buy,0.1,-10.14
2230,2025-11-04,162,EURUSD,sell,0.05,10.26
1525,2025-11-04,63,USDJPY,sell,1.0,48.24
2049,2025-11-04,78,GBPUSD,sell,0.5,-43.07
1336,2025-11-04,62,GBPUSD,buy,0.05,0.89
1762,2025-11-04,125,XAUUSD,buy,0.01,0.16
2954,2025-11-04,96,EURUSD,buy,0.01,-0.59
1427,2025-11-04,186,GBPUSD,sell,0.01,-0.3
2496,2025-11-04,52,XAUUSD,buy,0.1,2.56
2828,2025-11-04,45,USDJPY,sell,0.05,1.97
2199,2025-11-04,42,GBPUSD,buy,0.05,5.56
1693,2025-11-04,13,GBPUSD,sell,0.05,1.87
2295,2025-11-04,58,GBPUSD,sell,0.01,0.23
1070,2025-11-04,141,XAUUSD,sell,0.1,-21.79
2853,2025-11-04,191,EURUSD,sell,0.05,-3.15
2591,2025-11-05,192,USDJPY,buy,0.05,0.92
2982,2025-11-05,167,GBPUSD,buy,0.1,0.32
2511,2025-11-05,29,XAUUSD,buy,0.5,-70.98
2329,2025-11-05,9,USDJPY,buy,0.1,8.29
408,2025-11-05,174,GBPUSD,buy,0.1,8.68
1487,2025-11-05,92,GBPUSD,buy,0.01,-0.39
2361,2025-11-05,73,GBPUSD,buy,0.01,-0.33
1343,2025-11-06,21,EURUSD,sell,0.1,-5.89
1169,2025-11-06,91,USDJPY,buy,2.0,-34.95
1536,2025-11-06,37,EURUSD,buy,1.0,-85.54
2320,2025-11-06,141,XAUUSD,sell,0.1,-5.93
1320,2025-11-06,138,EURUSD,sell,0.05,1.69
2535,2025-11-06,133,USDJPY,sell,0.05,5.61
1122,2025-11-06,133,USDJPY,sell,0.5,8.88
1387,2025-11-07,17,EURUSD,sell,0.01,0.36
2966,2025-11-07,89,GBPUSD,buy,0.1,0.68
2606,2025-11-07,181,GBPUSD,sell,0.5,3.04
2256,2025-11-07,54,USDJPY,buy,0.01,-0.32
1094,2025-11-07,123,USDJPY,sell,0.1,5.37
1276,2025-11-07,190,XAUUSD,buy,2.0,445.0
2528,2025-11-07,126,GBPUSD,sell,0.1,-7.04
1859,2025-11-07,70,GBPUSD,sell,0.01,-1.18
911,2025-11-07,44,USDJPY,sell,0.1,-0.55
2415,2025-11-07,20,EURUSD,sell,0.5,5.56
1243,2025-11-07,117,EURUSD,buy,0.05,4.05
2652,2025-11-07,166,XAUUSD,sell,0.5,-44.44
2266,2025-11-07,66,EURUSD,sell,1.0,8.25
2731,2025-11-07,157,XAUUSD,buy,0.5,46.0
2712,2025-11-10,166,EURUSD,buy,0.01,-0.36
1491,2025-11-10,14,USDJPY,sell,0.01,-0.96
1756,2025-11-10,179,EURUSD,buy,0.01,-1.42
2340,2025-11-10,112,USDJPY,sell,0.5,26.93
2935,2025-11-10,92,GBPUSD,buy,0.1,3.62
1581,2025-11-10,118,XAUUSD,sell,0.1,2.88
1345,2025-11-10,78,GBPUSD,sell,1.0,170.99
1160,2025-11-10,130,GBPUSD,buy,0.5,45.09
400,2025-11-10,43,GBPUSD,sell,0.05,-4.63
2002,2025-11-10,1,EURUSD,sell,0.05,-1.03
833,2025-11-10,46,XAUUSD,buy,0.1,7.7
2994,2025-11-11,63,XAUUSD,sell,0.1,-2.51
1565,2025-11-11,135,EURUSD,buy,0.01,0.63
1171,2025-11-11,15,USDJPY,sell,0.01,0.57
1844,2025-11-11,168,GBPUSD,sell,0.05,-0.05
737,2025-11-11,126,GBPUSD,sell,0.01,-0.74
1332,2025-11-11,153,GBPUSD,buy,0.05,-0.69
2103,2025-11-11,109,USDJPY,buy,0.01,-0.16
1625,2025-11-11,19,GBPUSD,sell,0.1,-12.45
2975,2025-11-11,108,EURUSD,buy,0.5,-5.08
2707,2025-11-11,92,XAUUSD,sell,0.01,-0.68
2061,2025-11-11,19,GBPUSD,buy,0.01,0.78
77,2025-11-11,179,USDJPY,buy,0.05,0.93
2282,2025-11-11,197,GBPUSD,sell,1.0,48.5
1381,2025-11-12,179,GBPUSD,sell,0.01,-0.14
1629,2025-11-12,94,USDJPY,buy,0.01,-0.1
2732,2025-11-12,47,EURUSD,buy,0.1,11.39
1717,2025-11-12,167,USDJPY,sell,1.0,68.31
2575,2025-11-12,47,USDJPY,buy,1.0,55.25
441,2025-11-12,188,GBPUSD,buy,0.1,2.22
2620,2025-11-12,180,USDJPY,sell,2.0,-103.99
1967,2025-11-12,32,XAUUSD,buy,0.05,12.69
1314,2025-11-13,192,XAUUSD,buy,1.0,-131.9
2651,2025-11-13,116,XAUUSD,sell,0.01,0.48
1115,2025-11-13,77,GBPUSD,buy,0.01,0.04
1953,2025-11-13,172,XAUUSD,buy,0.01,2.04
831,2025-11-13,63,USDJPY,sell,0.1,10.46
2900,2025-11-13,135,USDJPY,sell,0.01,1.35
1664,2025-11-13,152,XAUUSD,sell,0.01,-0.3
222,2025-11-13,7,XAUUSD,buy,0.01,-2.02
1449,2025-11-13,99,EURUSD,sell,0.1,-3.62
864,2025-11-14,82,USDJPY,sell,0.1,32.11
854,2025-11-14,178,USDJPY,buy,0.1,1.28
2820,2025-11-14,197,GBPUSD,sell,0.05,2.13
774,2025-11-14,93,EURUSD,sell,0.05,1.27
20,2025-11-14,108,USDJPY,sell,0.1,3.76
84,2025-11-14,84,EURUSD,sell,2.0,185.22
1440,2025-11-14,15,GBPUSD,buy,0.5,80.47
1471,2025-11-14,63,EURUSD,buy,0.01,-0.24
1010,2025-11-14,160,USDJPY,buy,0.01,0.18
2153,2025-11-17,123,XAUUSD,buy,0.01,1.68
478,2025-11-17,168,EURUSD,sell,0.01,-0.23
1132,2025-11-17,57,XAUUSD,buy,0.05,4.01
42,2025-11-17,50,XAUUSD,sell,0.05,0.42
349,2025-11-17,180,USDJPY,sell,0.05,3.63
1366,2025-11-17,168,USDJPY,sell,0.5,66.89
1479,2025-11-17,61,GBPUSD,buy,0.1,2.92
1937,2025-11-17,81,XAUUSD,sell,0.5,8.78
113,2025-11-17,91,GBPUSD,buy,1.0,-10.73
755,2025-11-17,137,USDJPY,sell,0.05,-0.38
439,2025-11-17,33,EURUSD,buy,0.01,-0.43
1083,2025-11-17,180,GBPUSD,buy,0.5,-27.19
1337,2025-11-18,16,USDJPY,sell,0.1,-6.93
2074,2025-11-18,43,GBPUSD,buy,0.5,50.37
871,2025-11-18,104,USDJPY,sell,0.01,0.41
2085,2025-11-18,151,USDJPY,buy,0.01,-0.15
1513,2025-11-18,83,USDJPY,buy,0.01,0.32
1737,2025-11-18,143,XAUUSD,sell,1.0,-30.4
342,2025-11-18,120,GBPUSD,sell,0.01,-0.22
1588,2025-11-18,24,GBPUSD,sell,0.01,0.62
848,2025-11-19,183,XAUUSD,sell,0.1,-10.35
2558,2025-11-19,119,XAUUSD,buy,0.1,-4.08
1678,2025-11-19,101,GBPUSD,buy,0.01,-0.53
2206,2025-11-19,197,GBPUSD,buy,0.05,9.79
633,2025-11-19,37,USDJPY,sell,0.5,47.81
1437,2025-11-19,191,XAUUSD,sell,0.05,-9.12
1881,2025-11-19,122,EURUSD,sell,0.5,98.63
2268,2025-11-19,108,XAUUSD,sell,1.0,158.33
1405,2025-11-19,165,USDJPY,sell,0.5,41.74
2479,2025-11-19,95,EURUSD,sell,0.01,-0.44
1131,2025-11-20,114,XAUUSD,sell,0.5,-41.26
269,2025-11-20,98,EURUSD,sell,0.01,-0.44
1152,2025-11-20,172,XAUUSD,sell,0.05,-9.09
2344,2025-11-20,184,EURUSD,buy,0.05,-3.83
575,2025-11-20,26,USDJPY,buy,0.05,0.59
2962,2025-11-20,146,USDJPY,buy,0.01,1.74
2232,2025-11-20,122,EURUSD,sell,0.05,-7.76
382,2025-11-20,129,EURUSD,sell,0.5,35.51
993,2025-11-20,28,GBPUSD,sell,0.01,0.28
2213,2025-11-20,123,EURUSD,sell,0.05,8.25
634,2025-11-21,51,USDJPY,buy,1.0,61.93
512,2025-11-21,137,USDJPY,buy,0.5,-32.88
2196,2025-11-21,160,XAUUSD,buy,0.1,-12.68
1146,2025-11-21,197,GBPUSD,buy,0.05,0.96
2692,2025-11-21,128,GBPUSD,sell,0.5,-22.8
2144,2025-11-21,65,EURUSD,buy,0.05,3.73
2100,2025-11-21,198,EURUSD,sell,0.05,-0.2
2619,2025-11-21,171,XAUUSD,buy,0.01,0.07
853,2025-11-24,164,USDJPY,buy,1.0,-30.6
2392,2025-11-24,75,USDJPY,sell,0.01,-0.19
2185,2025-11-24,94,USDJPY,sell,1.0,-35.93
787,2025-11-24,5,USDJPY,buy,0.1,7.29
348,2025-11-24,49,GBPUSD,buy,0.1,10.31
1267,2025-11-24,181,GBPUSD,buy,2.0,115.73
1708,2025-11-24,19,GBPUSD,buy,0.1,-1.37
98,2025-11-24,191,GBPUSD,buy,0.01,1.88
2998,2025-11-24,90,XAUUSD,sell,0.1,6.47
2128,2025-11-25,147,XAUUSD,buy,0.05,3.25
1787,2025-11-25,46,USDJPY,buy,0.5,14.89
2583,2025-11-25,12,EURUSD,sell,0.05,-4.33
219,2025-11-25,114,USDJPY,buy,1.0,56.54
1854,2025-11-25,113,USDJPY,sell,0.1,11.58
705,2025-11-25,40,USDJPY,buy,0.05,1.59
822,2025-11-25,32,XAUUSD,buy,0.05,-3.73
723,2025-11-25,140,GBPUSD,buy,0.05,0.75
1446,2025-11-25,96,USDJPY,sell,0.5,45.34
2849,2025-11-25,59,XAUUSD,sell,0.1,-13.48
433,2025-11-25,85,USDJPY,sell,0.05,-1.12
2852,2025-11-25,67,GBPUSD,sell,0.1,8.29
722,2025-11-25,28,EURUSD,buy,0.01,1.03
2022,2025-11-25,150,GBPUSD,buy,0.05,9.83
2280,2025-11-25,134,GBPUSD,sell,0.1,20.04
167,2025-11-25,45,XAUUSD,sell,0.05,1.1
2131,2025-11-26,71,EURUSD,sell,0.1,-17.06
2765,2025-11-26,149,GBPUSD,sell,0.5,-34.02
1871,2025-11-26,94,EURUSD,sell,0.1,-0.96
2035,2025-11-26,146,XAUUSD,buy,0.1,0.42
340,2025-11-26,70,USDJPY,sell,0.05,-5.61
796,2025-11-26,22,EURUSD,sell,0.1,13.43
2949,2025-11-26,7,USDJPY,buy,0.05,-2.16
2495,2025-11-26,47,USDJPY,sell,1.0,17.16
785,2025-11-27,10,EURUSD,sell,0.1,-4.86
794,2025-11-27,87,USDJPY,sell,0.01,-0.66
406,2025-11-27,118,EURUSD,buy,0.01,2.54
873,2025-11-27,45,XAUUSD,buy,0.5,7.83
1579,2025-11-27,189,GBPUSD,sell,0.01,-0.39
1144,2025-11-27,38,XAUUSD,buy,0.05,1.56
1641,2025-11-27,81,USDJPY,buy,0.1,3.2
1139,2025-11-27,82,EURUSD,buy,0.1,-5.68
1145,2025-11-28,125,EURUSD,sell,0.1,0.49
2648,2025-11-28,160,XAUUSD,buy,0.5,-46.59
361,2025-11-28,57,GBPUSD,sell,0.05,-4.51
2114,2025-11-28,171,XAUUSD,sell,0.5,-46.11
2173,2025-11-28,114,GBPUSD,sell,0.05,10.16
471,2025-11-28,57,GBPUSD,sell,0.01,-0.99
1749,2025-11-28,39,EURUSD,buy,0.5,115.31
1474,2025-11-28,114,USDJPY,sell,1.0,45.64
974,2025-12-01,147,GBPUSD,buy,0.1,-1.18
299,2025-12-01,20,XAUUSD,buy,0.01,-0.32
1084,2025-12-01,67,EURUSD,sell,0.01,-0.44
2753,2025-12-01,37,XAUUSD,sell,1.0,11.98
1591,2025-12-01,19,GBPUSD,sell,0.05,0.43
947,2025-12-01,89,USDJPY,buy,2.0,-225.23
1050,2025-12-01,138,GBPUSD,sell,0.1,1.28
2933,2025-12-02,2,GBPUSD,sell,0.05,5.01
1698,2025-12-02,182,XAUUSD,buy,0.1,-9.73
942,2025-12-02,82,GBPUSD,sell,1.0,82.56
2440,2025-12-02,42,USDJPY,buy,0.05,3.25
2214,2025-12-02,16,EURUSD,buy,0.1,5.86
260,2025-12-02,162,EURUSD,buy,0.1,10.5
982,2025-12-02,73,GBPUSD,sell,0.5,16.97
1656,2025-12-02,112,XAUUSD,sell,0.01,1.02
157,2025-12-02,100,GBPUSD,buy,0.1,3.51
275,2025-12-02,130,EURUSD,buy,0.05,9.38
2111,2025-12-02,66,EURUSD,buy,0.01,0.31
2039,2025-12-02,41,USDJPY,buy,0.5,11.21
1599,2025-12-02,81,XAUUSD,sell,0.01,0.06
232,2025-12-02,78,USDJPY,buy,0.1,5.9
444,2025-12-02,123,USDJPY,sell,0.5,-28.31
334,2025-12-02,159,GBPUSD,buy,1.0,-72.28
605,2025-12-03,143,USDJPY,buy,0.01,-0.41
1990,2025-12-03,29,EURUSD,sell,0.1,-1.15
1056,2025-12-03,66,XAUUSD,buy,0.01,0.69
1359,2025-12-03,140,XAUUSD,buy,0.01,-0.3
2567,2025-12-03,117,XAUUSD,buy,2.0,-195.51
1222,2025-12-03,19,GBPUSD,buy,0.1,9.65
2503,2025-12-03,34,XAUUSD,buy,0.5,-72.86
1853,2025-12-03,166,XAUUSD,buy,2.0,-133.86
2421,2025-12-03,69,EURUSD,buy,0.1,4.75
1522,2025-12-04,120,XAUUSD,sell,1.0,55.93
1541,2025-12-04,153,USDJPY,sell,2.0,-62.89
2735,2025-12-04,65,GBPUSD,buy,0.05,0.72
1554,2025-12-04,167,EURUSD,sell,0.1,15.04
711,2025-12-04,52,USDJPY,buy,0.05,-0.71
2445,2025-12-04,83,XAUUSD,buy,0.01,-1.61
649,2025-12-04,165,EURUSD,buy,0.01,0.48
2025,2025-12-04,3,EURUSD,buy,1.0,-83.69
2579,2025-12-04,90,EURUSD,buy,0.01,-2.41
517,2025-12-04,14,EURUSD,sell,0.01,-0.54
2677,2025-12-04,55,XAUUSD,sell,0.01,-0.94
2559,2025-12-05,61,EURUSD,buy,0.01,-0.19
2136,2025-12-05,132,USDJPY,buy,0.05,-0.46
1369,2025-12-05,180,XAUUSD,buy,0.1,-17.75
378,2025-12-05,23,GBPUSD,buy,0.05,2.59
396,2025-12-05,123,XAUUSD,sell,0.5,-41.97
2092,2025-12-05,163,USDJPY,buy,0.1,-1.43
795,2025-12-05,152,EURUSD,sell,1.0,104.47
945,2025-12-05,55,GBPUSD,sell,0.01,-1.05
2348,2025-12-05,56,XAUUSD,buy,1.0,5.3
1404,2025-12-05,89,XAUUSD,sell,0.05,1.89
235,2025-12-05,164,EURUSD,buy,0.05,1.68
790,2025-12-05,73,EURUSD,sell,2.0,4.48
268,2025-12-05,80,USDJPY,buy,0.05,3.04
2762,2025-12-05,11,GBPUSD,sell,0.1,2.89
552,2025-12-05,91,GBPUSD,buy,0.1,-2.3
1843,2025-12-08,101,EURUSD,sell,0.05,5.53
1915,2025-12-08,147,XAUUSD,buy,0.05,-5.19
1469,2025-12-08,196,GBPUSD,buy,0.1,-5.91
2621,2025-12-08,19,EURUSD,buy,0.05,0.9
2204,2025-12-08,159,GBPUSD,buy,0.05,-0.69
876,2025-12-08,179,EURUSD,buy,0.01,0.85
792,2025-12-08,21,EURUSD,sell,1.0,-41.11
531,2025-12-08,197,USDJPY,buy,0.5,44.14
2179,2025-12-08,31,XAUUSD,buy,0.01,-0.79
264,2025-12-08,54,EURUSD,buy,0.01,0.67
284,2025-12-09,6,USDJPY,sell,0.1,5.93
87,2025-12-09,144,EURUSD,buy,2.0,-172.51
910,2025-12-09,111,USDJPY,buy,0.1,-5.44
2642,2025-12-09,75,GBPUSD,buy,0.01,1.62
2012,2025-12-09,84,EURUSD,buy,1.0,137.49
1534,2025-12-09,140,XAUUSD,buy,0.05,-0.07
2124,2025-12-09,130,USDJPY,buy,0.1,8.7
347,2025-12-09,86,XAUUSD,buy,0.5,-9.5
1909,2025-12-09,133,EURUSD,buy,1.0,3.36
1841,2025-12-09,66,USDJPY,sell,0.05,-1.4
1786,2025-12-09,39,EURUSD,sell,0.01,0.77
863,2025-12-09,125,XAUUSD,sell,1.0,-62.29
2462,2025-12-10,51,XAUUSD,buy,1.0,347.23
2920,2025-12-10,197,GBPUSD,buy,0.01,-0.44
265,2025-12-10,92,EURUSD,buy,0.01,0.21
2609,2025-12-10,104,GBPUSD,sell,0.01,0.25
445,2025-12-10,137,XAUUSD,buy,0.05,-4.08
2708,2025-12-10,38,XAUUSD,sell,0.01,1.58
8,2025-12-10,186,EURUSD,buy,0.05,-0.86
2182,2025-12-10,60,USDJPY,sell,0.5,-48.97
2043,2025-12-10,191,GBPUSD,buy,0.1,17.05
2469,2025-12-10,28,EURUSD,buy,2.0,-27.24
2057,2025-12-10,45,USDJPY,sell,0.05,-1.04
488,2025-12-10,87,XAUUSD,sell,0.05,3.52
1079,2025-12-10,96,EURUSD,buy,0.05,-0.76
2650,2025-12-10,15,GBPUSD,sell,0.5,-5.58
22,2025-12-10,9,USDJPY,buy,0.01,0.01
2729,2025-12-10,36,EURUSD,sell,0.1,11.76
2332,2025-12-10,179,GBPUSD,sell,0.05,-2.43
1041,2025-12-10,84,EURUSD,sell,0.01,0.07
599,2025-12-11,144,XAUUSD,buy,0.5,25.52
2414,2025-12-11,132,XAUUSD,sell,0.01,0.59
2302,2025-12-11,71,XAUUSD,sell,0.1,2.11
1922,2025-12-11,129,GBPUSD,sell,0.05,2.48
1738,2025-12-11,31,EURUSD,sell,0.5,1.42
1707,2025-12-11,50,XAUUSD,sell,0.01,-0.96
1933,2025-12-11,142,GBPUSD,buy,0.1,-9.46
1293,2025-12-12,100,USDJPY,sell,0.01,-0.27
456,2025-12-12,118,EURUSD,buy,0.05,0.0
1999,2025-12-12,185,USDJPY,sell,0.05,-4.82
461,2025-12-12,151,EURUSD,sell,0.01,0.62
1407,2025-12-12,46,GBPUSD,buy,0.05,2.44
1852,2025-12-12,85,EURUSD,sell,0.05,2.41
1408,2025-12-12,101,XAUUSD,sell,0.1,10.8
1240,2025-12-15,18,XAUUSD,buy,0.1,9.39
1110,2025-12-15,98,GBPUSD,buy,0.1,7.89
199,2025-12-15,133,USDJPY,buy,1.0,115.44
782,2025-12-15,109,GBPUSD,sell,0.05,-5.85
102,2025-12-15,150,GBPUSD,sell,2.0,-56.43
315,2025-12-15,62,EURUSD,buy,0.01,-0.14
1730,2025-12-15,150,EURUSD,buy,0.05,-3.3
2636,2025-12-15,47,XAUUSD,sell,0.01,1.26
664,2025-12-15,5,GBPUSD,sell,0.01,0.3
1788,2025-12-16,78,GBPUSD,sell,0.1,8.82
312,2025-12-16,21,XAUUSD,sell,0.01,-0.0
819,2025-12-16,153,GBPUSD,sell,2.0,253.59
1816,2025-12-16,11,EURUSD,sell,0.05,0.43
1763,2025-12-16,68,USDJPY,buy,0.5,-42.09
138,2025-12-16,51,EURUSD,sell,1.0,64.33
1204,2025-12-16,148,USDJPY,sell,2.0,357.46
2589,2025-12-16,164,GBPUSD,sell,0.01,0.95
2084,2025-12-16,200,GBPUSD,buy,0.1,-4.79
900,2025-12-16,79,USDJPY,buy,0.05,0.7
1285,2025-12-16,72,XAUUSD,buy,1.0,83.9
896,2025-12-16,72,XAUUSD,sell,1.0,-107.39
899,2025-12-16,188,GBPUSD,sell,0.01,1.01
638,2025-12-16,197,GBPUSD,buy,0.05,5.26
970,2025-12-17,57,USDJPY,sell,1.0,25.44
1360,2025-12-17,58,USDJPY,buy,2.0,-290.87
2007,2025-12-17,3,XAUUSD,sell,0.05,0.6
1226,2025-12-17,135,GBPUSD,buy,0.05,3.05
2728,2025-12-17,164,XAUUSD,buy,0.01,-0.53
898,2025-12-17,153,GBPUSD,sell,0.1,-7.08
1923,2025-12-17,178,EURUSD,buy,0.01,-0.68
1601,2025-12-18,193,XAUUSD,sell,1.0,28.92
2641,2025-12-18,67,XAUUSD,buy,0.01,-0.39
698,2025-12-18,191,USDJPY,buy,0.01,0.46
128,2025-12-18,198,GBPUSD,sell,0.5,-57.04
2433,2025-12-18,126,EURUSD,buy,0.05,8.99
2303,2025-12-18,22,EURUSD,sell,0.01,0.44
639,2025-12-18,110,XAUUSD,sell,0.05,-6.86
521,2025-12-18,76,XAUUSD,buy,2.0,158.32
2473,2025-12-18,6,EURUSD,sell,0.1,0.62
2840,2025-12-18,169,XAUUSD,buy,0.01,0.13
1902,2025-12-18,182,USDJPY,sell,0.05,7.06
1866,2025-12-18,173,GBPUSD,sell,0.05,1.42
957,2025-12-19,174,XAUUSD,sell,0.01,-0.25
842,2025-12-19,27,GBPUSD,sell,0.05,0.95
1941,2025-12-19,73,GBPUSD,buy,0.05,1.05
1304,2025-12-19,84,XAUUSD,sell,0.1,-7.13
2228,2025-12-19,103,GBPUSD,sell,0.05,0.82
561,2025-12-19,199,XAUUSD,buy,0.01,-0.44
2576,2025-12-19,129,XAUUSD,buy,0.01,-1.32
2013,2025-12-19,163,EURUSD,sell,0.05,4.38
1956,2025-12-19,147,XAUUSD,sell,0.01,1.2
1038,2025-12-19,158,XAUUSD,buy,0.05,-0.34
10,2025-12-19,195,EURUSD,buy,0.1,1.59
1564,2025-12-19,71,GBPUSD,buy,0.01,-0.27
2937,2025-12-19,160,XAUUSD,sell,0.01,1.8
1011,2025-12-22,77,EURUSD,buy,0.1,-20.18
1356,2025-12-22,30,XAUUSD,sell,0.5,-13.93
2838,2025-12-22,86,XAUUSD,buy,1.0,72.64
1180,2025-12-22,63,EURUSD,buy,0.01,1.0
2959,2025-12-22,54,GBPUSD,sell,0.05,5.39
2150,2025-12-22,180,EURUSD,buy,0.05,4.58
377,2025-12-22,113,GBPUSD,sell,0.01,0.34
2797,2025-12-22,67,XAUUSD,sell,0.1,3.79
2216,2025-12-22,63,GBPUSD,buy,0.1,0.18
1963,2025-12-22,193,USDJPY,sell,0.01,0.3
2281,2025-12-23,32,GBPUSD,sell,0.1,-3.15
1691,2025-12-23,103,EURUSD,sell,0.05,-1.72
621,2025-12-23,30,GBPUSD,buy,0.01,-1.12
2745,2025-12-23,7,EURUSD,sell,0.05,9.7
656,2025-12-23,2,EURUSD,sell,0.1,-2.56
1920,2025-12-23,125,GBPUSD,sell,0.01,0.04
453,2025-12-23,107,GBPUSD,buy,0.01,0.42
1312,2025-12-23,186,EURUSD,sell,0.5,-55.87
2425,2025-12-23,32,XAUUSD,sell,0.5,90.12
2700,2025-12-23,46,GBPUSD,buy,0.1,8.18
2524,2025-12-23,49,USDJPY,sell,0.5,17.58
685,2025-12-23,59,EURUSD,sell,0.05,1.89
2058,2025-12-23,112,XAUUSD,buy,0.01,2.38
1269,2025-12-24,28,XAUUSD,sell,0.1,0.41
412,2025-12-24,61,EURUSD,sell,0.1,-2.9
671,2025-12-24,84,GBPUSD,sell,2.0,181.36
2113,2025-12-24,54,GBPUSD,sell,0.01,0.51
2733,2025-12-24,79,EURUSD,buy,0.01,-0.63
2577,2025-12-25,98,GBPUSD,buy,0.1,12.28
195,2025-12-25,186,XAUUSD,sell,0.05,2.59
1278,2025-12-25,121,EURUSD,buy,1.0,91.43
287,2025-12-25,12,XAUUSD,buy,0.1,9.56
373,2025-12-25,198,USDJPY,sell,0.1,-11.1
386,2025-12-25,133,EURUSD,buy,0.1,4.8
1349,2025-12-25,20,USDJPY,sell,0.01,-0.13
2352,2025-12-25,160,USDJPY,sell,0.5,-58.48
2873,2025-12-25,106,USDJPY,sell,0.1,11.05
1558,2025-12-25,103,GBPUSD,buy,0.1,4.47
662,2025-12-26,54,XAUUSD,buy,0.05,-5.07
255,2025-12-26,80,USDJPY,sell,0.5,36.69
1292,2025-12-26,57,USDJPY,sell,0.1,9.46
1688,2025-12-26,96,USDJPY,sell,0.5,-0.53
2565,2025-12-26,123,XAUUSD,sell,0.1,3.49
1026,2025-12-26,32,GBPUSD,buy,0.05,-0.92
1582,2025-12-26,19,EURUSD,buy,0.01,0.53
103,2025-12-26,106,EURUSD,sell,0.05,-3.7
2373,2025-12-26,103,XAUUSD,buy,1.0,-69.18
2716,2025-12-26,23,XAUUSD,buy,0.01,1.56
2594,2025-12-26,123,XAUUSD,buy,0.01,-0.85
2911,2025-12-26,161,XAUUSD,sell,0.05,-11.87
2855,2025-12-26,126,GBPUSD,buy,0.01,0.46
2772,2025-12-26,123,XAUUSD,sell,0.05,-6.71
2397,2025-12-26,6,XAUUSD,buy,0.01,-0.39
532,2025-12-29,5,XAUUSD,sell,1.0,201.78
2972,2025-12-29,17,GBPUSD,sell,0.1,-7.76
153,2025-12-29,29,EURUSD,sell,0.01,0.09
1197,2025-12-29,198,EURUSD,buy,0.01,0.42
2017,2025-12-29,196,EURUSD,buy,0.05,-0.57
2809,2025-12-29,126,EURUSD,buy,0.05,-2.73
17,2025-12-29,113,EURUSD,sell,1.0,-76.23
2666,2025-12-29,192,EURUSD,buy,0.1,-8.4
2979,2025-12-29,194,EURUSD,sell,0.01,0.98
1906,2025-12-29,106,USDJPY,buy,1.0,-1.71
1175,2025-12-29,4,GBPUSD,buy,0.05,2.96
201,2025-12-29,47,GBPUSD,buy,0.1,-2.2
354,2025-12-29,198,XAUUSD,sell,0.01,-0.53
75,2025-12-29,3,USDJPY,sell,0.1,-0.09
2346,2025-12-29,71,XAUUSD,sell,0.05,6.37
2863,2025-12-30,184,EURUSD,sell,0.05,-3.68
2231,2025-12-30,120,EURUSD,sell,0.01,1.85
1623,2025-12-30,180,USDJPY,sell,0.01,-0.57
1261,2025-12-30,21,USDJPY,buy,0.01,0.9
110,2025-12-30,149,GBPUSD,sell,0.05,1.08
2341,2025-12-30,85,GBPUSD,buy,0.01,-0.82
2379,2025-12-30,200,EURUSD,sell,0.05,-1.22
1105,2025-12-30,141,XAUUSD,sell,1.0,-4.8
555,2025-12-30,154,XAUUSD,sell,0.01,0.31
2908,2025-12-30,115,GBPUSD,sell,0.01,-0.71
2094,2025-12-31,7,XAUUSD,buy,0.01,0.32
421,2025-12-31,100,XAUUSD,buy,0.1,-6.05
2241,2025-12-31,89,GBPUSD,buy,0.05,3.02
2107,2025-12-31,144,GBPUSD,buy,0.05,0.36
1932,2025-12-31,74,EURUSD,buy,0.01,0.36
160,2025-12-31,86,GBPUSD,sell,0.01,0.52
2792,2025-12-31,138,EURUSD,buy,0.1,-0.33
1212,2025-12-31,125,GBPUSD,buy,0.1,1.47
1948,2025-12-31,69,USDJPY,buy,2.0,-182.88
626,2025-12-31,155,GBPUSD,buy,0.01,1.02
720,2026-01-01,76,USDJPY,sell,1.0,-4.47
79,2026-01-01,107,GBPUSD,sell,0.1,-2.3
1972,2026-01-01,172,USDJPY,sell,0.1,-4.11
1462,2026-01-01,95,EURUSD,sell,0.01,0.49
2938,2026-01-01,124,EURUSD,sell,0.1,2.46
2613,2026-01-01,107,USDJPY,buy,0.01,-0.87
578,2026-01-01,9,USDJPY,buy,0.05,1.54
250,2026-01-01,72,EURUSD,buy,1.0,60.06
1251,2026-01-01,175,GBPUSD,sell,0.5,39.75
2276,2026-01-01,108,XAUUSD,buy,0.1,-0.46
990,2026-01-01,77,XAUUSD,sell,0.1,18.66
2622,2026-01-01,128,GBPUSD,sell,0.1,11.76
837,2026-01-02,13,USDJPY,sell,0.1,9.43
2349,2026-01-02,73,XAUUSD,sell,0.5,14.4
181,2026-01-02,30,XAUUSD,buy,0.05,2.01
859,2026-01-02,5,XAUUSD,sell,0.5,-75.58
2246,2026-01-02,137,GBPUSD,sell,0.5,30.88
715,2026-01-02,108,EURUSD,sell,0.1,-0.82
1161,2026-01-02,118,XAUUSD,buy,0.05,7.02
2810,2026-01-02,114,USDJPY,sell,0.01,-0.31
172,2026-01-02,76,USDJPY,sell,0.1,-6.52
2610,2026-01-02,94,XAUUSD,sell,1.0,-142.56
2229,2026-01-02,86,EURUSD,sell,2.0,316.0
959,2026-01-02,91,XAUUSD,sell,0.1,-5.82
1985,2026-01-02,72,USDJPY,sell,0.01,0.47
1104,2026-01-05,104,EURUSD,buy,0.5,64.21
2681,2026-01-05,15,XAUUSD,buy,1.0,-128.76
2279,2026-01-05,125,EURUSD,sell,2.0,-64.75
2946,2026-01-05,11,XAUUSD,sell,0.05,0.19
642,2026-01-05,39,EURUSD,sell,0.5,89.87
2164,2026-01-05,37,EURUSD,buy,0.5,-94.89
901,2026-01-05,10,EURUSD,buy,0.5,35.04
2491,2026-01-05,133,USDJPY,sell,0.5,25.7
820,2026-01-05,79,GBPUSD,sell,0.5,3.32
2253,2026-01-05,87,EURUSD,sell,0.1,-0.86
1633,2026-01-05,14,EURUSD,buy,0.5,33.65
2789,2026-01-05,111,XAUUSD,sell,0.05,9.56
857,2026-01-05,92,EURUSD,sell,1.0,-22.62
890,2026-01-06,19,USDJPY,sell,0.05,-4.56
2757,2026-01-06,137,EURUSD,sell,0.01,-0.06
2429,2026-01-06,34,XAUUSD,sell,0.01,-0.18
1419,2026-01-06,5,USDJPY,buy,0.05,2.63
1731,2026-01-06,149,EURUSD,buy,0.01,-0.31
824,2026-01-06,12,GBPUSD,sell,0.05,-1.92
2521,2026-01-06,182,XAUUSD,buy,0.05,7.5
1054,2026-01-06,18,GBPUSD,buy,0.5,37.13
376,2026-01-06,49,GBPUSD,buy,0.05,-2.88
2177,2026-01-07,169,XAUUSD,sell,0.05,2.37
2686,2026-01-07,22,GBPUSD,sell,0.05,1.7
507,2026-01-07,112,EURUSD,sell,0.5,16.0
601,2026-01-07,143,USDJPY,buy,0.05,1.16
1081,2026-01-07,11,GBPUSD,buy,1.0,79.48
2063,2026-01-07,60,EURUSD,buy,0.5,58.99
1399,2026-01-07,108,GBPUSD,sell,0.5,12.63
2265,2026-01-07,146,GBPUSD,buy,0.01,0.53
712,2026-01-07,122,EURUSD,sell,0.5,4.47
2032,2026-01-07,198,EURUSD,sell,0.5,81.89
718,2026-01-07,136,EURUSD,buy,0.01,0.62
2343,2026-01-08,157,EURUSD,sell,0.5,-29.05
2916,2026-01-08,41,GBPUSD,sell,0.5,32.04
1602,2026-01-08,111,EURUSD,sell,0.1,6.22
428,2026-01-08,137,XAUUSD,sell,1.0,-11.61
39,2026-01-09,99,EURUSD,buy,1.0,16.52
1177,2026-01-09,41,EURUSD,sell,0.01,-0.68
2180,2026-01-09,61,XAUUSD,buy,2.0,120.64
1574,2026-01-09,184,XAUUSD,sell,0.05,-2.91
247,2026-01-09,194,GBPUSD,buy,0.01,-0.2
1231,2026-01-09,82,XAUUSD,buy,0.05,-5.74
104,2026-01-09,191,USDJPY,sell,1.0,50.58
2405,2026-01-09,109,EURUSD,buy,0.5,15.47
2571,2026-01-09,118,USDJPY,buy,1.0,-62.98
2014,2026-01-09,44,XAUUSD,sell,0.01,-0.29
1035,2026-01-09,148,USDJPY,sell,0.05,0.49
2274,2026-01-09,34,XAUUSD,sell,0.1,4.12
806,2026-01-12,22,GBPUSD,sell,0.1,-4.91
1362,2026-01-12,168,XAUUSD,buy,1.0,10.81
2264,2026-01-12,78,XAUUSD,buy,0.5,62.86
628,2026-01-12,128,GBPUSD,sell,0.5,-10.21
2739,2026-01-12,75,EURUSD,buy,1.0,-74.1
2470,2026-01-12,128,EURUSD,buy,0.5,39.83
92,2026-01-12,77,EURUSD,sell,0.05,-0.1
2143,2026-01-13,170,XAUUSD,buy,0.5,12.07
2167,2026-01-13,44,GBPUSD,sell,2.0,-39.93
647,2026-01-13,22,USDJPY,sell,0.5,21.37
2430,2026-01-13,74,XAUUSD,buy,0.1,5.58
353,2026-01-13,24,USDJPY,buy,1.0,51.82
2624,2026-01-13,26,USDJPY,buy,0.1,-20.82
953,2026-01-13,174,EURUSD,sell,0.05,2.47
2251,2026-01-13,188,USDJPY,buy,1.0,136.44
1401,2026-01-13,9,GBPUSD,buy,0.01,-2.48
2540,2026-01-13,36,GBPUSD,buy,0.1,2.41
368,2026-01-14,186,XAUUSD,buy,0.01,-0.06
2371,2026-01-14,47,XAUUSD,buy,0.05,6.42
2318,2026-01-14,82,XAUUSD,sell,0.5,33.37
2127,2026-01-14,171,EURUSD,sell,1.0,20.83
1936,2026-01-14,73,XAUUSD,sell,0.01,0.27
2527,2026-01-14,110,GBPUSD,buy,1.0,-39.1
2258,2026-01-14,173,GBPUSD,sell,0.01,-1.47
2367,2026-01-14,190,EURUSD,buy,0.1,9.49
1398,2026-01-14,135,EURUSD,buy,0.01,-0.14
1181,2026-01-14,130,GBPUSD,sell,0.1,15.16
597,2026-01-14,7,XAUUSD,buy,0.5,-4.21
88,2026-01-14,139,XAUUSD,buy,0.1,-1.1
217,2026-01-14,11,XAUUSD,buy,0.01,0.21
2802,2026-01-14,144,XAUUSD,buy,0.05,2.34
2693,2026-01-14,131,XAUUSD,sell,0.1,16.91
1810,2026-01-14,48,EURUSD,sell,0.5,-13.06
1613,2026-01-15,102,XAUUSD,sell,2.0,0.38
719,2026-01-15,47,GBPUSD,buy,2.0,-80.72
463,2026-01-15,160,USDJPY,buy,2.0,84.93
2544,2026-01-15,113,GBPUSD,buy,0.05,4.01
123,2026-01-15,84,EURUSD,sell,1.0,54.77
615,2026-01-15,126,GBPUSD,sell,0.1,-6.23
967,2026-01-15,134,USDJPY,sell,0.5,51.84
1430,2026-01-15,161,USDJPY,sell,0.05,3.76
2885,2026-01-15,126,USDJPY,buy,0.05,5.43
145,2026-01-16,123,EURUSD,buy,1.0,112.65
1667,2026-01-16,54,USDJPY,sell,0.05,5.57
1004,2026-01-16,159,EURUSD,buy,0.05,0.88
1533,2026-01-16,101,EURUSD,buy,0.01,1.39
1535,2026-01-16,38,EURUSD,buy,0.05,-0.39
272,2026-01-16,74,GBPUSD,sell,0.05,3.43
16,2026-01-16,24,USDJPY,sell,0.5,-25.71
1133,2026-01-16,37,GBPUSD,buy,0.05,-3.63
781,2026-01-16,133,USDJPY,buy,0.01,-0.4
351,2026-01-16,25,USDJPY,sell,1.0,139.87
1560,2026-01-16,56,GBPUSD,buy,1.0,-3.14
2850,2026-01-16,51,USDJPY,sell,0.05,4.74
956,2026-01-16,163,EURUSD,buy,1.0,-60.22
35,2026-01-19,120,GBPUSD,buy,1.0,-169.3
2292,2026-01-19,12,EURUSD,buy,0.05,3.07
482,2026-01-19,37,GBPUSD,buy,0.05,5.24
537,2026-01-19,166,EURUSD,buy,0.01,-0.11
669,2026-01-19,3,USDJPY,sell,0.1,4.56
1883,2026-01-19,182,USDJPY,buy,0.05,3.1
2238,2026-01-19,65,XAUUSD,buy,0.1,-14.96
1460,2026-01-19,76,GBPUSD,sell,0.1,0.67
1382,2026-01-19,35,GBPUSD,sell,0.05,2.8
470,2026-01-19,118,EURUSD,buy,0.01,0.76
602,2026-01-20,10,USDJPY,sell,0.1,7.16
1259,2026-01-20,45,EURUSD,buy,0.01,0.66
2529,2026-01-20,140,USDJPY,buy,0.05,-4.75
559,2026-01-20,108,EURUSD,sell,0.05,5.24
2018,2026-01-20,72,XAUUSD,sell,0.01,0.98
997,2026-01-20,194,USDJPY,buy,0.05,1.12
1789,2026-01-20,65,XAUUSD,sell,0.01,1.25
2709,2026-01-20,195,GBPUSD,buy,0.1,-2.46
2428,2026-01-21,42,XAUUSD,buy,1.0,-127.47
68,2026-01-21,165,USDJPY,sell,1.0,29.86
490,2026-01-21,79,GBPUSD,buy,2.0,181.18
142,2026-01-21,194,GBPUSD,buy,0.05,0.36
2319,2026-01-21,93,EURUSD,sell,0.05,1.68
1798,2026-01-21,70,GBPUSD,sell,0.01,0.21
93,2026-01-21,74,EURUSD,buy,0.01,-0.23
2878,2026-01-21,57,USDJPY,sell,0.05,-4.66
1321,2026-01-21,113,EURUSD,sell,0.05,1.93
764,2026-01-21,165,EURUSD,buy,0.05,4.3
2705,2026-01-21,158,USDJPY,buy,0.05,-0.02
50,2026-01-21,31,XAUUSD,buy,0.5,-22.05
431,2026-01-21,64,GBPUSD,buy,0.5,45.81
1546,2026-01-21,26,XAUUSD,buy,2.0,-123.23
1333,2026-01-21,153,XAUUSD,buy,0.05,-4.95
1555,2026-01-21,109,XAUUSD,buy,0.01,-1.51
1724,2026-01-21,70,USDJPY,sell,0.01,-0.12
2010,2026-01-22,87,EURUSD,sell,1.0,-70.48
100,2026-01-22,8,EURUSD,sell,0.01,-1.84
1061,2026-01-22,174,EURUSD,sell,0.05,-1.06
1375,2026-01-22,180,XAUUSD,sell,0.5,-117.12
672,2026-01-22,127,XAUUSD,sell,1.0,-87.55
135,2026-01-22,119,GBPUSD,sell,0.5,-64.26
2125,2026-01-22,22,XAUUSD,buy,0.05,7.37
114,2026-01-23,141,EURUSD,buy,0.05,-0.91
2160,2026-01-23,133,GBPUSD,sell,1.0,109.52
2322,2026-01-23,117,XAUUSD,buy,0.1,-22.62
1980,2026-01-23,36,GBPUSD,buy,0.01,-0.35
946,2026-01-23,89,GBPUSD,buy,0.01,-0.66
1510,2026-01-23,57,EURUSD,sell,0.05,-2.0
2939,2026-01-23,19,EURUSD,buy,0.1,0.68
544,2026-01-23,173,EURUSD,buy,0.05,3.22
2612,2026-01-23,184,GBPUSD,buy,0.1,-0.66
1116,2026-01-23,193,GBPUSD,buy,0.5,13.14
1008,2026-01-23,118,USDJPY,sell,0.05,-0.57
799,2026-01-23,156,EURUSD,sell,0.01,-0.7
1045,2026-01-23,36,USDJPY,sell,0.01,-0.61
313,2026-01-23,38,EURUSD,sell,0.5,-81.88
1761,2026-01-26,105,USDJPY,sell,2.0,0.95
2675,2026-01-26,19,USDJPY,sell,0.5,37.48
800,2026-01-26,124,USDJPY,sell,0.1,1.57
193,2026-01-26,156,USDJPY,buy,0.05,2.67
1032,2026-01-26,39,GBPUSD,sell,0.1,-9.6
2120,2026-01-26,190,USDJPY,buy,0.01,0.56
878,2026-01-26,11,EURUSD,buy,0.05,0.38
1660,2026-01-26,125,XAUUSD,sell,1.0,-70.25
2463,2026-01-26,11,USDJPY,buy,0.5,29.39
1060,2026-01-26,179,USDJPY,buy,0.05,-0.14
2482,2026-01-26,115,USDJPY,sell,0.05,5.39
1028,2026-01-26,68,EURUSD,buy,0.05,0.92
2944,2026-01-26,110,USDJPY,buy,0.01,0.04
346,2026-01-27,138,USDJPY,buy,0.05,4.87
1184,2026-01-27,78,XAUUSD,sell,0.5,-51.92
2539,2026-01-27,21,EURUSD,buy,0.1,-3.19
595,2026-01-27,36,GBPUSD,sell,0.01,0.56
226,2026-01-27,87,GBPUSD,buy,0.1,2.02
458,2026-01-27,24,USDJPY,buy,0.05,-0.78
762,2026-01-27,36,USDJPY,buy,0.01,0.79
2170,2026-01-27,160,USDJPY,buy,0.05,1.75
58,2026-01-27,122,EURUSD,sell,0.5,-19.36
2726,2026-01-27,164,USDJPY,sell,0.01,0.01
2051,2026-01-27,49,GBPUSD,buy,0.05,0.14
420,2026-01-27,170,EURUSD,sell,0.05,-6.68
213,2026-01-27,51,USDJPY,sell,0.01,0.51
2645,2026-01-28,69,EURUSD,sell,0.1,1.74
2193,2026-01-28,155,GBPUSD,sell,0.05,4.6
1368,2026-01-28,162,EURUSD,sell,0.05,0.97
1040,2026-01-28,126,EURUSD,buy,0.05,-1.65
223,2026-01-28,149,GBPUSD,buy,0.05,0.68
387,2026-01-28,176,EURUSD,buy,0.01,0.76
838,2026-01-28,8,GBPUSD,buy,0.01,-0.28
2285,2026-01-28,185,GBPUSD,sell,0.1,13.6
244,2026-01-28,103,EURUSD,buy,1.0,-76.35
2472,2026-01-28,109,USDJPY,sell,0.1,7.15
902,2026-01-29,186,GBPUSD,sell,0.01,0.26
2475,2026-01-29,20,EURUSD,sell,0.5,21.84
888,2026-01-29,108,EURUSD,buy,2.0,28.16
2309,2026-01-29,99,USDJPY,buy,0.5,41.21
2198,2026-01-29,199,GBPUSD,sell,0.5,39.36
2064,2026-01-29,113,GBPUSD,buy,0.01,-0.28
304,2026-01-29,172,USDJPY,sell,0.1,-4.12
2839,2026-01-30,159,USDJPY,buy,0.5,-39.51
1813,2026-01-30,181,USDJPY,buy,0.05,6.49
2053,2026-01-30,176,GBPUSD,buy,0.05,5.03
1486,2026-01-30,96,GBPUSD,buy,0.01,0.15
2459,2026-01-30,139,EURUSD,buy,0.5,40.82
107,2026-01-30,100,USDJPY,sell,0.1,15.96
2310,2026-01-30,136,EURUSD,buy,1.0,92.21
1000,2026-01-30,192,GBPUSD,sell,0.1,-4.11
1954,2026-01-30,127,USDJPY,sell,0.1,3.53
1485,2026-02-02,128,GBPUSD,sell,0.5,1.04
1198,2026-02-02,75,XAUUSD,sell,0.05,-3.58
962,2026-02-02,198,XAUUSD,buy,0.5,-9.71
1351,2026-02-02,165,XAUUSD,sell,0.05,1.46
567,2026-02-02,54,XAUUSD,sell,0.05,5.64
462,2026-02-02,78,EURUSD,buy,2.0,118.51
2404,2026-02-02,200,XAUUSD,sell,0.5,79.31
1674,2026-02-02,2,GBPUSD,sell,0.5,-93.61
427,2026-02-02,51,XAUUSD,sell,0.05,6.07
240,2026-02-02,158,EURUSD,sell,0.5,-9.39
1864,2026-02-02,78,XAUUSD,buy,0.05,1.47
1806,2026-02-03,131,XAUUSD,buy,0.1,23.55
2662,2026-02-03,111,USDJPY,buy,2.0,-117.92
1863,2026-02-03,53,GBPUSD,sell,1.0,71.53
524,2026-02-03,93,USDJPY,buy,0.1,-0.4
2083,2026-02-03,136,XAUUSD,buy,0.01,0.69
2738,2026-02-03,174,XAUUSD,buy,0.1,13.27
617,2026-02-03,169,EURUSD,buy,0.5,36.18
65,2026-02-03,170,GBPUSD,buy,2.0,62.75
594,2026-02-03,168,EURUSD,sell,0.1,8.88
1211,2026-02-03,170,GBPUSD,buy,0.1,15.19
1059,2026-02-03,180,USDJPY,sell,0.5,25.08
258,2026-02-03,193,XAUUSD,sell,2.0,76.0
724,2026-02-04,137,GBPUSD,buy,0.5,-9.15
2856,2026-02-04,110,EURUSD,buy,1.0,36.13
2746,2026-02-04,11,EURUSD,buy,0.1,21.86
1620,2026-02-04,139,XAUUSD,sell,0.01,1.23
1626,2026-02-04,172,USDJPY,buy,0.05,7.16
2912,2026-02-04,107,EURUSD,buy,0.5,18.32
2490,2026-02-04,183,GBPUSD,buy,0.05,5.08
2812,2026-02-04,175,GBPUSD,buy,0.5,8.62
1313,2026-02-04,141,XAUUSD,buy,0.01,0.75
767,2026-02-04,12,USDJPY,sell,1.0,20.4
776,2026-02-04,169,EURUSD,buy,0.1,-5.35
403,2026-02-04,105,EURUSD,sell,0.1,0.66
1296,2026-02-04,67,EURUSD,buy,0.05,7.56
2984,2026-02-04,142,USDJPY,sell,0.5,28.14
450,2026-02-04,127,EURUSD,sell,0.05,-0.1
200,2026-02-05,133,GBPUSD,buy,0.05,-2.39
2091,2026-02-05,142,GBPUSD,sell,0.5,45.17
206,2026-02-05,55,GBPUSD,buy,0.1,22.55
308,2026-02-05,22,XAUUSD,buy,0.05,0.21
2823,2026-02-05,74,GBPUSD,buy,1.0,-42.2
2050,2026-02-05,45,GBPUSD,sell,0.01,1.05
2501,2026-02-05,168,USDJPY,sell,0.01,-0.32
2570,2026-02-05,102,GBPUSD,buy,0.1,10.73
2899,2026-02-05,19,EURUSD,sell,0.1,-2.03
1799,2026-02-05,20,XAUUSD,sell,0.1,-12.42
2564,2026-02-05,100,EURUSD,sell,0.01,-0.1
1452,2026-02-05,114,XAUUSD,buy,0.05,4.84
1598,2026-02-06,182,EURUSD,sell,1.0,3.21
2417,2026-02-06,27,GBPUSD,buy,0.05,0.81
640,2026-02-06,29,USDJPY,sell,1.0,151.63
2607,2026-02-06,126,USDJPY,sell,0.5,44.57
1965,2026-02-06,60,EURUSD,sell,0.1,-5.34
2178,2026-02-06,73,XAUUSD,sell,0.05,2.09
600,2026-02-06,133,GBPUSD,buy,1.0,49.41
2184,2026-02-06,169,XAUUSD,sell,0.01,-0.69
1782,2026-02-06,33,GBPUSD,sell,0.01,0.49
2015,2026-02-06,91,EURUSD,buy,0.05,-0.72
2222,2026-02-06,199,GBPUSD,sell,0.01,0.67
939,2026-02-09,169,XAUUSD,buy,0.01,0.35
1388,2026-02-09,85,GBPUSD,buy,0.05,-2.11
1262,2026-02-09,145,EURUSD,sell,0.1,11.39
2865,2026-02-09,1,GBPUSD,buy,0.05,3.63
2788,2026-02-09,136,XAUUSD,buy,0.1,24.03
882,2026-02-09,38,USDJPY,buy,0.01,-0.8
1186,2026-02-09,93,XAUUSD,buy,0.5,-71.83
1959,2026-02-09,154,USDJPY,sell,0.5,-41.88
1496,2026-02-09,91,GBPUSD,sell,0.5,11.84
589,2026-02-09,24,USDJPY,sell,0.1,6.61
261,2026-02-09,54,USDJPY,sell,0.1,1.19
1802,2026-02-09,55,USDJPY,sell,0.01,-0.66
1740,2026-02-09,28,EURUSD,buy,0.5,-9.56
1974,2026-02-09,157,USDJPY,sell,0.01,-1.75
1702,2026-02-09,51,USDJPY,buy,0.05,0.18
614,2026-02-09,35,GBPUSD,buy,0.01,1.15
1771,2026-02-10,70,EURUSD,buy,0.01,-1.01
2169,2026-02-10,90,USDJPY,sell,0.05,-5.37
2799,2026-02-10,89,USDJPY,buy,0.5,6.13
2948,2026-02-10,128,XAUUSD,buy,0.01,-0.59
2195,2026-02-10,169,EURUSD,sell,2.0,-10.16
2080,2026-02-10,159,EURUSD,sell,0.1,4.48
1,2026-02-10,126,GBPUSD,sell,0.1,1.05
1414,2026-02-10,48,XAUUSD,sell,1.0,-161.68
1615,2026-02-10,67,EURUSD,buy,0.05,-1.23
734,2026-02-10,1,XAUUSD,buy,1.0,19.0
1019,2026-02-10,198,GBPUSD,sell,0.5,14.42
1616,2026-02-10,163,GBPUSD,buy,2.0,226.68
738,2026-02-10,29,XAUUSD,buy,0.5,-82.57
830,2026-02-10,61,GBPUSD,sell,0.5,-24.05
435,2026-02-10,75,USDJPY,buy,0.05,5.19
694,2026-02-10,151,EURUSD,buy,0.05,1.18
1329,2026-02-11,132,XAUUSD,buy,0.05,-13.47
598,2026-02-11,162,GBPUSD,buy,0.1,-7.05
958,2026-02-11,145,USDJPY,sell,0.01,0.53
2752,2026-02-11,67,XAUUSD,sell,0.5,1.21
989,2026-02-11,92,GBPUSD,buy,0.1,-2.68
309,2026-02-11,90,GBPUSD,buy,2.0,46.85
744,2026-02-11,33,EURUSD,sell,0.1,-6.42
625,2026-02-11,174,GBPUSD,sell,0.1,4.79
1425,2026-02-11,30,GBPUSD,buy,0.05,-0.63
425,2026-02-11,186,USDJPY,sell,0.01,-0.32
21,2026-02-11,42,GBPUSD,buy,1.0,142.75
2284,2026-02-11,156,GBPUSD,sell,1.0,128.31
554,2026-02-11,42,EURUSD,sell,0.01,0.59
690,2026-02-11,90,EURUSD,sell,0.5,-47.05
197,2026-02-11,56,USDJPY,sell,0.05,4.83
1662,2026-02-11,84,USDJPY,sell,0.05,3.04
2827,2026-02-11,42,EURUSD,buy,0.05,1.23
2943,2026-02-11,115,GBPUSD,sell,0.05,1.88
1086,2026-02-12,169,XAUUSD,buy,0.5,75.16
883,2026-02-12,152,USDJPY,sell,0.01,0.03
121,2026-02-12,183,GBPUSD,buy,0.1,15.79
2314,2026-02-12,170,USDJPY,sell,0.5,-2.82
1390,2026-02-12,92,EURUSD,sell,1.0,38.46
1497,2026-02-12,170,USDJPY,buy,0.1,-3.1
1457,2026-02-12,170,XAUUSD,buy,0.05,6.36
1790,2026-02-12,69,XAUUSD,buy,1.0,-44.22
683,2026-02-12,25,XAUUSD,buy,0.1,-36.88
2991,2026-02-12,182,GBPUSD,buy,0.01,-0.3
2006,2026-02-12,182,EURUSD,buy,0.05,1.45
1024,2026-02-13,66,XAUUSD,sell,0.5,-81.21
687,2026-02-13,101,GBPUSD,sell,0.01,-0.62
1840,2026-02-13,10,GBPUSD,sell,0.05,3.52
2042,2026-02-13,77,EURUSD,sell,0.01,1.0
1540,2026-02-13,186,GBPUSD,buy,0.05,2.06
2860,2026-02-13,9,GBPUSD,sell,0.1,0.5
13,2026-02-13,90,XAUUSD,sell,0.01,0.07
487,2026-02-13,75,XAUUSD,sell,0.1,-0.69
631,2026-02-13,115,USDJPY,buy,0.1,-13.52
2290,2026-02-13,23,EURUSD,sell,0.5,51.58
1780,2026-02-13,18,XAUUSD,sell,0.5,55.9
2481,2026-02-13,94,XAUUSD,sell,0.01,-1.47
1917,2026-02-13,82,XAUUSD,buy,0.01,-3.72
667,2026-02-13,133,EURUSD,sell,0.5,-8.71
1129,2026-02-13,117,GBPUSD,sell,0.5,5.37
1706,2026-02-13,81,EURUSD,buy,0.5,-18.71
2815,2026-02-16,60,XAUUSD,buy,0.1,-9.56
2758,2026-02-16,82,XAUUSD,buy,2.0,70.99
214,2026-02-16,35,GBPUSD,buy,0.05,8.06
2351,2026-02-16,73,XAUUSD,sell,0.05,7.32
2338,2026-02-16,166,GBPUSD,buy,0.1,-0.02
1605,2026-02-16,53,GBPUSD,sell,0.01,0.32
725,2026-02-16,198,USDJPY,buy,0.01,-1.74
710,2026-02-16,34,USDJPY,sell,0.1,-4.19
2955,2026-02-16,152,XAUUSD,sell,1.0,-80.45
2465,2026-02-16,160,USDJPY,buy,0.5,12.22
2547,2026-02-16,171,GBPUSD,buy,0.5,-22.52
2582,2026-02-16,136,XAUUSD,sell,0.1,27.54
2888,2026-02-16,198,GBPUSD,buy,0.5,-21.29
2291,2026-02-16,8,EURUSD,buy,1.0,72.66
747,2026-02-16,26,GBPUSD,buy,0.01,-0.2
697,2026-02-16,151,USDJPY,buy,0.1,8.28
514,2026-02-16,80,XAUUSD,buy,0.5,83.46
460,2026-02-17,197,XAUUSD,sell,0.5,86.34
2364,2026-02-17,70,USDJPY,sell,0.05,5.51
944,2026-02-17,69,XAUUSD,sell,0.05,2.46
2454,2026-02-17,63,EURUSD,sell,0.01,-0.46
924,2026-02-17,40,USDJPY,sell,0.1,21.67
1561,2026-02-17,137,USDJPY,buy,0.1,-6.79
47,2026-02-17,34,GBPUSD,buy,0.05,-1.32
2588,2026-02-18,58,GBPUSD,sell,0.01,0.03
2384,2026-02-18,124,GBPUSD,sell,0.05,-2.1
2448,2026-02-18,169,USDJPY,buy,1.0,-54.0
1502,2026-02-18,38,XAUUSD,buy,0.5,31.95
2811,2026-02-18,49,EURUSD,sell,0.01,0.12
383,2026-02-18,139,XAUUSD,buy,0.5,-4.0
1680,2026-02-19,93,USDJPY,sell,0.05,-3.08
865,2026-02-19,134,USDJPY,sell,2.0,-31.66
1076,2026-02-19,174,GBPUSD,sell,0.01,0.79
2750,2026-02-19,120,XAUUSD,buy,0.5,30.12
2803,2026-02-19,147,USDJPY,buy,0.05,-5.17
1202,2026-02-19,12,EURUSD,sell,0.01,-0.2
2805,2026-02-19,193,USDJPY,buy,0.1,7.22
1877,2026-02-19,33,USDJPY,sell,0.1,-7.79
2168,2026-02-19,176,USDJPY,sell,0.5,-16.28
1955,2026-02-19,188,GBPUSD,buy,0.01,0.58
32,2026-02-20,163,XAUUSD,buy,0.1,6.12
1183,2026-02-20,34,USDJPY,sell,2.0,52.69
903,2026-02-20,23,XAUUSD,sell,0.05,-6.37
2132,2026-02-20,49,GBPUSD,sell,0.01,0.49
2075,2026-02-20,198,USDJPY,buy,1.0,-39.89
1508,2026-02-20,197,GBPUSD,buy,0.05,4.22
2825,2026-02-20,37,EURUSD,sell,0.05,-2.61
2880,2026-02-20,192,EURUSD,buy,0.01,0.64
2813,2026-02-20,3,USDJPY,sell,0.05,1.53
1638,2026-02-20,118,EURUSD,sell,0.5,-1.29
2432,2026-02-20,58,GBPUSD,buy,0.5,4.77
320,2026-02-23,127,GBPUSD,buy,0.01,-1.46
658,2026-02-23,7,GBPUSD,buy,0.01,0.61
2992,2026-02-23,33,XAUUSD,sell,0.05,2.03
783,2026-02-23,161,USDJPY,buy,0.05,2.42
2040,2026-02-23,144,XAUUSD,sell,0.5,-12.51
651,2026-02-23,87,USDJPY,buy,0.5,-0.73
2614,2026-02-23,153,USDJPY,buy,0.5,-75.02
1847,2026-02-23,79,GBPUSD,sell,0.01,-1.11
703,2026-02-23,105,XAUUSD,buy,2.0,-358.04
1942,2026-02-23,51,EURUSD,sell,2.0,180.81
2573,2026-02-23,193,XAUUSD,sell,0.1,-2.98
2603,2026-02-23,88,EURUSD,sell,0.01,0.03
2934,2026-02-23,50,XAUUSD,buy,0.5,152.7
2210,2026-02-23,91,GBPUSD,sell,0.5,-35.85
2584,2026-02-23,166,GBPUSD,sell,0.05,0.8
1309,2026-02-23,17,EURUSD,sell,1.0,17.71
884,2026-02-24,134,EURUSD,buy,0.05,6.1
582,2026-02-24,48,XAUUSD,buy,1.0,-96.22
770,2026-02-24,107,EURUSD,buy,0.1,10.02
341,2026-02-24,113,GBPUSD,buy,0.01,0.78
2922,2026-02-24,47,GBPUSD,sell,1.0,31.87
363,2026-02-24,185,XAUUSD,sell,0.5,-114.64
994,2026-02-24,30,XAUUSD,buy,0.1,-7.18
1650,2026-02-24,197,GBPUSD,sell,0.05,3.69
233,2026-02-24,191,GBPUSD,sell,0.01,-0.09
1089,2026-02-24,56,EURUSD,buy,0.05,0.34
1529,2026-02-25,60,EURUSD,sell,0.05,3.68
1979,2026-02-25,127,USDJPY,buy,0.1,-1.52
2394,2026-02-25,197,USDJPY,sell,0.1,-6.76
228,2026-02-25,88,EURUSD,sell,0.01,-0.07
1443,2026-02-25,200,EURUSD,buy,0.01,0.34
2722,2026-02-25,82,EURUSD,buy,0.5,-70.34
2245,2026-02-25,60,EURUSD,sell,0.1,2.92
1023,2026-02-25,121,EURUSD,sell,0.1,3.09
752,2026-02-25,6,XAUUSD,buy,0.01,-0.74
2595,2026-02-25,153,EURUSD,buy,0.5,47.99
1684,2026-02-25,161,USDJPY,buy,0.1,13.88
2952,2026-02-25,71,EURUSD,sell,0.05,4.76
2951,2026-02-25,96,GBPUSD,sell,0.1,1.06
1245,2026-02-25,108,XAUUSD,sell,0.01,0.17
390,2026-02-25,34,EURUSD,buy,0.5,37.35
1020,2026-02-25,136,XAUUSD,buy,0.01,0.75
1783,2026-02-26,181,XAUUSD,sell,0.05,-0.38
1685,2026-02-26,181,EURUSD,sell,0.01,0.35
1722,2026-02-26,175,EURUSD,sell,0.01,-0.66
1205,2026-02-26,113,XAUUSD,sell,0.5,-25.78
1126,2026-02-26,169,XAUUSD,buy,0.01,1.77
2718,2026-02-26,132,USDJPY,sell,1.0,194.97
1924,2026-02-26,197,EURUSD,sell,0.5,-12.64
325,2026-02-26,179,USDJPY,sell,1.0,117.8
2668,2026-02-26,158,GBPUSD,buy,2.0,-94.79
2078,2026-02-26,85,GBPUSD,sell,0.01,-1.33
2166,2026-02-26,104,GBPUSD,sell,0.05,-0.76
932,2026-02-26,187,USDJPY,buy,0.01,0.46
1590,2026-02-26,33,GBPUSD,buy,2.0,-185.53
1608,2026-02-27,59,GBPUSD,sell,0.05,2.15
2118,2026-02-27,3,USDJPY,buy,0.01,0.78
2088,2026-02-27,17,XAUUSD,buy,0.01,0.08
513,2026-02-27,9,EURUSD,buy,0.1,-5.01
288,2026-02-27,102,USDJPY,sell,0.01,-0.97
2181,2026-02-27,156,USDJPY,sell,0.05,0.99
1977,2026-02-27,58,USDJPY,buy,0.01,1.14
236,2026-02-27,72,XAUUSD,sell,0.05,-11.86
1716,2026-02-27,69,USDJPY,buy,1.0,60.37
569,2026-02-27,91,GBPUSD,buy,1.0,-59.26
7,2026-02-27,168,XAUUSD,sell,0.05,0.5
1039,2026-02-27,2,EURUSD,buy,0.5,4.75
1412,2026-02-27,135,USDJPY,buy,0.05,-4.02
2687,2026-02-27,1,XAUUSD,sell,0.01,1.96
1433,2026-02-27,51,USDJPY,buy,0.05,-2.9
1547,2026-02-27,137,XAUUSD,buy,0.5,-56.41
620,2026-03-02,110,EURUSD,sell,0.05,7.94
76,2026-03-02,93,XAUUSD,buy,0.05,-0.31
2925,2026-03-02,129,XAUUSD,sell,2.0,-255.29
132,2026-03-02,188,GBPUSD,sell,0.05,1.37
576,2026-03-02,44,EURUSD,sell,0.05,-4.93
343,2026-03-02,29,EURUSD,buy,0.5,10.5
452,2026-03-02,142,GBPUSD,sell,0.05,3.35
2208,2026-03-02,27,USDJPY,sell,1.0,167.82
1495,2026-03-02,98,GBPUSD,buy,0.5,38.55
841,2026-03-02,184,USDJPY,buy,0.05,0.67
1531,2026-03-02,178,GBPUSD,buy,0.1,4.06
2775,2026-03-02,13,GBPUSD,sell,2.0,-25.59
480,2026-03-02,77,USDJPY,buy,0.01,1.02
2416,2026-03-02,30,USDJPY,buy,0.05,1.64
2102,2026-03-02,34,EURUSD,buy,0.5,89.36
1907,2026-03-02,134,USDJPY,sell,0.01,0.34
2260,2026-03-03,57,USDJPY,sell,1.0,-8.56
1473,2026-03-03,125,XAUUSD,sell,0.01,1.18
828,2026-03-03,46,XAUUSD,buy,0.01,-0.27
542,2026-03-03,9,XAUUSD,sell,0.05,-1.39
148,2026-03-03,155,USDJPY,sell,0.01,0.1
2212,2026-03-03,167,XAUUSD,sell,0.05,-1.87
2987,2026-03-04,29,XAUUSD,sell,2.0,318.19
2969,2026-03-04,60,XAUUSD,buy,0.1,22.05
1143,2026-03-04,131,USDJPY,sell,0.1,-17.7
1178,2026-03-04,39,USDJPY,sell,0.05,1.53
14,2026-03-04,189,USDJPY,sell,0.01,1.96
1067,2026-03-04,108,USDJPY,sell,0.5,-27.68
1689,2026-03-04,148,USDJPY,buy,0.05,-5.73
1334,2026-03-04,47,XAUUSD,buy,0.1,-18.8
134,2026-03-04,106,EURUSD,buy,0.5,-8.68
2683,2026-03-04,194,XAUUSD,sell,1.0,-56.72
2252,2026-03-04,169,USDJPY,sell,0.05,2.39
772,2026-03-04,174,USDJPY,buy,0.1,7.93
1825,2026-03-04,153,EURUSD,buy,0.01,0.46
2420,2026-03-04,189,EURUSD,buy,2.0,244.6
1753,2026-03-05,16,XAUUSD,buy,0.5,-39.26
1389,2026-03-05,194,EURUSD,buy,0.01,0.45
1569,2026-03-05,164,EURUSD,sell,2.0,-370.8
2818,2026-03-05,169,USDJPY,buy,0.05,7.31
2826,2026-03-05,101,GBPUSD,sell,1.0,-25.9
1823,2026-03-05,164,USDJPY,buy,1.0,17.89
556,2026-03-05,183,EURUSD,buy,1.0,11.62
2876,2026-03-05,4,GBPUSD,buy,2.0,68.05
1252,2026-03-05,118,XAUUSD,sell,1.0,-282.15
111,2026-03-05,93,XAUUSD,buy,0.05,-5.43
1506,2026-03-05,47,GBPUSD,sell,0.1,6.79
771,2026-03-06,12,GBPUSD,sell,0.1,-0.6
2412,2026-03-06,92,XAUUSD,buy,0.01,0.29
1353,2026-03-06,103,GBPUSD,sell,0.1,-0.67
1500,2026-03-06,132,EURUSD,sell,0.05,4.12
668,2026-03-06,113,XAUUSD,sell,1.0,-5.14
442,2026-03-06,34,XAUUSD,buy,0.5,-12.72
1916,2026-03-06,59,XAUUSD,buy,0.05,1.83
130,2026-03-06,175,USDJPY,buy,0.1,0.67
2637,2026-03-06,153,EURUSD,buy,0.5,-3.21
1697,2026-03-06,189,GBPUSD,sell,0.1,8.98
2605,2026-03-06,24,USDJPY,buy,0.1,3.6
2597,2026-03-06,88,XAUUSD,sell,0.1,-0.28
591,2026-03-06,168,GBPUSD,sell,1.0,52.95
1567,2026-03-06,35,USDJPY,buy,0.05,4.14
2538,2026-03-06,10,XAUUSD,sell,0.05,-13.84
1998,2026-03-09,104,EURUSD,buy,0.1,4.74
550,2026-03-09,171,EURUSD,buy,0.05,-1.37
2436,2026-03-09,72,GBPUSD,buy,0.01,-0.99
1945,2026-03-09,93,XAUUSD,buy,1.0,-240.0
2471,2026-03-09,35,GBPUSD,buy,1.0,35.04
12,2026-03-09,130,USDJPY,sell,0.01,0.62
979,2026-03-09,193,XAUUSD,sell,0.01,-0.05
414,2026-03-09,123,XAUUSD,buy,1.0,146.12
1817,2026-03-09,183,GBPUSD,sell,0.05,1.25
1489,2026-03-09,124,EURUSD,sell,0.05,6.46
1316,2026-03-09,156,USDJPY,buy,2.0,-68.79
2001,2026-03-09,3,XAUUSD,buy,0.1,9.28
2299,2026-03-09,195,USDJPY,sell,0.05,-0.65
520,2026-03-10,145,XAUUSD,sell,0.5,-63.57
886,2026-03-10,4,EURUSD,buy,0.1,-3.12
1365,2026-03-10,76,GBPUSD,sell,0.1,17.37
1048,2026-03-11,159,XAUUSD,sell,0.01,-0.16
2071,2026-03-11,182,GBPUSD,sell,0.5,-12.27
370,2026-03-11,147,GBPUSD,sell,0.05,-0.75
2110,2026-03-11,179,USDJPY,buy,0.1,7.93
280,2026-03-11,193,EURUSD,buy,0.1,3.32
1865,2026-03-11,193,EURUSD,buy,0.05,5.56
468,2026-03-11,135,XAUUSD,sell,0.05,-4.65
981,2026-03-11,30,USDJPY,buy,1.0,135.57
1848,2026-03-11,95,GBPUSD,buy,1.0,52.92
2161,2026-03-11,179,USDJPY,buy,0.5,-33.06
1958,2026-03-11,166,USDJPY,buy,0.01,1.41
1973,2026-03-11,179,GBPUSD,sell,1.0,86.01
1914,2026-03-12,88,USDJPY,sell,0.05,2.01
1436,2026-03-12,194,USDJPY,sell,0.01,0.0
1818,2026-03-12,169,GBPUSD,buy,0.01,0.46
2316,2026-03-12,74,XAUUSD,buy,0.5,90.99
1230,2026-03-12,163,XAUUSD,buy,0.01,-0.36
2045,2026-03-12,32,GBPUSD,buy,0.5,-13.63
38,2026-03-13,127,XAUUSD,buy,0.1,-24.57
1475,2026-03-13,57,GBPUSD,sell,0.1,0.94
2910,2026-03-13,60,USDJPY,buy,0.1,-5.71
2950,2026-03-13,165,XAUUSD,buy,0.05,-0.11
572,2026-03-13,60,EURUSD,sell,0.05,2.3
1586,2026-03-13,57,EURUSD,buy,0.05,6.26
2211,2026-03-13,12,GBPUSD,sell,0.05,0.86
2353,2026-03-13,41,XAUUSD,sell,0.5,-41.85
897,2026-03-13,50,USDJPY,sell,0.1,-2.25
1323,2026-03-16,20,USDJPY,buy,0.05,0.95
733,2026-03-16,193,XAUUSD,sell,0.5,6.49
1719,2026-03-16,39,GBPUSD,sell,0.05,5.88
182,2026-03-16,136,GBPUSD,sell,0.05,4.0
330,2026-03-16,65,EURUSD,sell,0.05,-0.38
1117,2026-03-16,177,EURUSD,buy,0.01,0.16
533,2026-03-16,105,USDJPY,buy,0.05,-5.13
2616,2026-03-16,127,USDJPY,sell,2.0,89.88
754,2026-03-16,23,GBPUSD,buy,0.1,19.35
1406,2026-03-16,98,USDJPY,buy,0.1,-6.2
2978,2026-03-16,20,EURUSD,buy,0.05,-0.31
125,2026-03-16,97,USDJPY,buy,0.1,1.54
23,2026-03-16,151,XAUUSD,buy,0.1,-0.68
1210,2026-03-16,10,XAUUSD,sell,0.05,12.43
1338,2026-03-16,100,GBPUSD,buy,0.05,2.7
2557,2026-03-16,65,EURUSD,sell,0.01,-1.53
2300,2026-03-16,51,GBPUSD,buy,0.1,-6.89
2770,2026-03-17,166,GBPUSD,sell,1.0,-49.16
2793,2026-03-17,115,USDJPY,buy,0.05,-4.76
2317,2026-03-17,72,GBPUSD,buy,0.1,-3.47
276,2026-03-17,121,GBPUSD,sell,0.01,-1.39
2331,2026-03-17,72,GBPUSD,buy,0.5,10.93
1862,2026-03-17,188,XAUUSD,sell,0.05,-0.61
220,2026-03-17,71,GBPUSD,buy,0.05,-0.59
1249,2026-03-17,189,XAUUSD,sell,1.0,37.01
2566,2026-03-17,189,XAUUSD,buy,0.5,-49.94
2368,2026-03-17,101,EURUSD,buy,1.0,-83.67
1395,2026-03-17,73,USDJPY,sell,0.1,-4.08
2,2026-03-17,40,XAUUSD,buy,0.1,7.87
508,2026-03-17,106,USDJPY,buy,0.05,6.13
498,2026-03-17,41,GBPUSD,buy,0.05,-1.89
2399,2026-03-17,142,USDJPY,sell,0.01,-1.15
210,2026-03-17,78,GBPUSD,sell,0.01,-0.65
1364,2026-03-17,176,GBPUSD,buy,1.0,65.1
2369,2026-03-17,65,XAUUSD,buy,0.01,-0.26
1481,2026-03-17,139,EURUSD,sell,0.01,-0.55
2598,2026-03-17,134,GBPUSD,sell,0.05,-4.52
2200,2026-03-18,196,EURUSD,sell,0.5,22.32
2311,2026-03-18,101,GBPUSD,sell,0.1,10.58
46,2026-03-18,166,GBPUSD,sell,0.05,3.03
2225,2026-03-18,110,USDJPY,sell,1.0,6.82
1801,2026-03-18,129,GBPUSD,sell,0.01,-0.16
2096,2026-03-18,42,USDJPY,buy,0.05,11.59
303,2026-03-18,64,USDJPY,buy,0.5,30.83
2785,2026-03-18,127,EURUSD,sell,0.05,2.63
1668,2026-03-18,62,XAUUSD,buy,0.1,9.06
2137,2026-03-18,146,XAUUSD,sell,0.01,-0.53
2894,2026-03-18,35,EURUSD,buy,0.01,-0.75
2734,2026-03-18,174,GBPUSD,buy,0.05,3.58
1411,2026-03-18,188,USDJPY,buy,1.0,-83.2
666,2026-03-18,16,XAUUSD,sell,0.1,6.08
338,2026-03-18,114,USDJPY,sell,0.01,0.73
2674,2026-03-18,129,EURUSD,buy,0.01,1.26
413,2026-03-18,126,GBPUSD,buy,1.0,-143.48
2156,2026-03-19,88,USDJPY,sell,0.01,-1.62
2315,2026-03-19,74,GBPUSD,sell,1.0,37.04
1376,2026-03-19,193,GBPUSD,buy,0.05,-0.36
802,2026-03-19,196,GBPUSD,sell,0.1,-4.99
1970,2026-03-19,144,GBPUSD,buy,1.0,-37.59
1165,2026-03-19,87,XAUUSD,sell,0.05,7.47
2947,2026-03-19,76,EURUSD,sell,0.5,-62.64
1324,2026-03-19,3,XAUUSD,sell,0.05,-2.4
1604,2026-03-19,51,GBPUSD,sell,0.01,-0.5
332,2026-03-19,129,USDJPY,buy,0.05,-1.03
1295,2026-03-20,7,GBPUSD,sell,0.05,-2.38
1910,2026-03-20,51,GBPUSD,sell,0.01,0.61
1386,2026-03-20,165,EURUSD,sell,0.05,-8.8
1075,2026-03-20,188,XAUUSD,sell,2.0,-8.71
168,2026-03-20,49,USDJPY,buy,0.01,0.97
1071,2026-03-20,86,GBPUSD,buy,1.0,193.74
818,2026-03-20,109,GBPUSD,sell,0.05,7.34
62,2026-03-20,64,EURUSD,buy,2.0,211.15
1609,2026-03-20,32,EURUSD,buy,0.1,18.02
2983,2026-03-20,31,XAUUSD,sell,0.5,-23.5
588,2026-03-20,3,XAUUSD,sell,1.0,-6.7
2510,2026-03-23,32,EURUSD,sell,0.01,0.66
2130,2026-03-23,103,GBPUSD,buy,2.0,356.14
1929,2026-03-23,151,GBPUSD,buy,0.5,-19.24
692,2026-03-23,25,GBPUSD,buy,0.5,-27.21
1451,2026-03-23,26,XAUUSD,buy,0.5,112.96
1694,2026-03-23,88,XAUUSD,buy,1.0,49.89
534,2026-03-23,52,USDJPY,sell,0.5,88.17
500,2026-03-23,175,XAUUSD,sell,0.05,-5.28
921,2026-03-23,149,USDJPY,sell,0.5,14.45
1458,2026-03-23,45,XAUUSD,buy,0.1,-3.91
2082,2026-03-23,140,GBPUSD,sell,0.5,-6.72
2357,2026-03-23,30,GBPUSD,buy,0.05,-1.3
194,2026-03-23,41,USDJPY,sell,1.0,-13.26
2669,2026-03-23,8,EURUSD,sell,0.5,44.53
2629,2026-03-24,194,XAUUSD,buy,0.05,3.71
324,2026-03-24,89,GBPUSD,sell,0.05,4.03
1901,2026-03-24,95,GBPUSD,buy,0.01,0.04
2509,2026-03-24,26,GBPUSD,buy,0.05,0.81
797,2026-03-24,79,XAUUSD,sell,0.01,0.22
2119,2026-03-24,189,XAUUSD,buy,0.5,1.84
350,2026-03-24,160,EURUSD,buy,1.0,-116.61
285,2026-03-24,2,XAUUSD,sell,0.05,3.71
1851,2026-03-24,103,USDJPY,sell,0.05,1.97
1918,2026-03-24,69,GBPUSD,buy,1.0,-35.09
700,2026-03-24,123,XAUUSD,sell,0.01,1.82
680,2026-03-24,51,GBPUSD,sell,0.05,0.12
1887,2026-03-24,87,XAUUSD,sell,1.0,84.4
652,2026-03-25,137,GBPUSD,buy,0.1,0.44
1095,2026-03-25,80,XAUUSD,buy,0.01,1.11
2423,2026-03-25,102,GBPUSD,sell,0.05,7.73
551,2026-03-25,70,USDJPY,buy,0.1,7.96
547,2026-03-25,153,XAUUSD,buy,0.05,6.33
481,2026-03-25,7,XAUUSD,buy,0.1,-4.33
2658,2026-03-25,93,GBPUSD,sell,0.05,3.88
2183,2026-03-25,176,XAUUSD,buy,1.0,58.29
2307,2026-03-25,3,EURUSD,buy,1.0,66.44
1757,2026-03-25,140,EURUSD,buy,0.01,-1.14
2068,2026-03-25,30,EURUSD,buy,0.01,-0.53
1238,2026-03-25,85,GBPUSD,buy,0.1,-1.89
1311,2026-03-25,168,XAUUSD,buy,0.01,-0.12
1822,2026-03-25,189,EURUSD,buy,2.0,11.78
1624,2026-03-25,17,GBPUSD,sell,0.05,1.29
2024,2026-03-25,31,USDJPY,sell,0.05,1.89
339,2026-03-26,168,XAUUSD,buy,0.05,-8.54
2492,2026-03-26,146,GBPUSD,sell,2.0,-32.71
657,2026-03-26,105,EURUSD,buy,0.01,-0.04
2431,2026-03-26,115,GBPUSD,buy,0.05,-2.46
2561,2026-03-26,75,EURUSD,sell,0.1,0.48
2355,2026-03-26,88,GBPUSD,buy,1.0,-6.25
1921,2026-03-26,75,EURUSD,buy,0.01,-1.11
2418,2026-03-26,194,GBPUSD,sell,0.05,8.06
2226,2026-03-26,139,XAUUSD,sell,0.1,-4.42
950,2026-03-26,176,XAUUSD,buy,0.01,-2.88
1155,2026-03-26,28,USDJPY,sell,1.0,146.1
1037,2026-03-26,33,XAUUSD,buy,0.01,0.23
986,2026-03-26,44,XAUUSD,buy,0.05,-1.18
502,2026-03-26,88,USDJPY,buy,0.1,-0.7
2773,2026-03-26,129,XAUUSD,sell,1.0,39.29
977,2026-03-26,26,USDJPY,sell,0.01,0.09
2498,2026-03-26,84,GBPUSD,sell,0.01,0.06
1873,2026-03-26,120,EURUSD,sell,1.0,-105.86
1077,2026-03-26,83,GBPUSD,sell,0.5,-45.44
1893,2026-03-26,98,EURUSD,sell,0.1,-11.26
2298,2026-03-27,78,USDJPY,buy,0.1,9.94
2667,2026-03-27,83,USDJPY,sell,0.01,0.18
2904,2026-03-27,175,USDJPY,buy,0.1,8.27
2461,2026-03-27,16,EURUSD,buy,0.05,4.21
2807,2026-03-27,30,GBPUSD,sell,0.05,6.46
273,2026-03-27,140,XAUUSD,sell,2.0,110.12
302,2026-03-27,20,USDJPY,sell,0.05,0.92
1435,2026-03-27,117,EURUSD,sell,0.05,5.66
2090,2026-03-27,13,XAUUSD,buy,0.5,16.74
1432,2026-03-27,108,XAUUSD,buy,0.01,-0.07
1571,2026-03-27,33,USDJPY,sell,0.01,0.02
1163,2026-03-27,164,USDJPY,sell,0.01,0.4
834,2026-03-30,196,USDJPY,buy,0.01,-0.47
1611,2026-03-30,73,USDJPY,sell,0.05,5.89
922,2026-03-30,40,GBPUSD,sell,0.01,-0.08
1875,2026-03-30,134,EURUSD,sell,0.1,10.17
2901,2026-03-30,194,EURUSD,buy,0.01,0.09
2221,2026-03-30,61,GBPUSD,sell,1.0,36.37
1872,2026-03-30,69,XAUUSD,buy,0.5,-25.52
106,2026-03-30,79,EURUSD,sell,0.01,-0.54
2257,2026-03-31,115,EURUSD,buy,0.01,0.27
389,2026-03-31,124,GBPUSD,sell,1.0,23.08
907,2026-03-31,77,USDJPY,sell,0.5,100.26
2458,2026-03-31,144,XAUUSD,buy,0.01,2.6
1190,2026-03-31,43,GBPUSD,buy,0.01,0.32
1946,2026-03-31,175,XAUUSD,sell,0.5,6.48
1470,2026-03-31,171,GBPUSD,sell,0.01,0.38
1308,2026-03-31,189,GBPUSD,buy,0.5,-59.78
1253,2026-03-31,31,EURUSD,buy,1.0,5.15
369,2026-03-31,61,EURUSD,sell,0.05,4.43
2401,2026-03-31,67,XAUUSD,sell,0.5,-32.09
1814,2026-03-31,77,XAUUSD,buy,0.5,42.04
147,2026-03-31,97,USDJPY,buy,0.05,-2.14
1750,2026-03-31,77,USDJPY,buy,2.0,85.45
2464,2026-03-31,156,XAUUSD,buy,0.05,-1.65
1422,2026-03-31,45,EURUSD,sell,0.5,-24.51
140,2026-03-31,162,USDJPY,sell,0.01,-1.17
807,2026-04-01,91,USDJPY,sell,1.0,33.33
2512,2026-04-01,139,GBPUSD,sell,0.05,8.98
972,2026-04-01,51,USDJPY,sell,0.01,0.9
856,2026-04-01,18,USDJPY,buy,2.0,55.07
1767,2026-04-01,66,GBPUSD,buy,1.0,-97.11
2578,2026-04-01,73,USDJPY,buy,0.1,5.62
2932,2026-04-01,15,USDJPY,buy,0.5,-59.19
1325,2026-04-01,134,EURUSD,sell,0.1,0.01
1549,2026-04-01,144,EURUSD,sell,0.01,-1.31
118,2026-04-01,116,EURUSD,buy,0.05,3.25
385,2026-04-02,35,GBPUSD,sell,1.0,112.3
398,2026-04-02,168,GBPUSD,buy,0.01,0.96
2831,2026-04-02,2,USDJPY,sell,2.0,271.4
1739,2026-04-02,31,EURUSD,buy,0.05,0.35
2927,2026-04-02,108,EURUSD,buy,0.01,0.42
1995,2026-04-02,68,GBPUSD,sell,0.1,5.18
1712,2026-04-02,47,GBPUSD,sell,0.01,0.31
1947,2026-04-02,31,EURUSD,buy,0.1,11.19
2881,2026-04-02,145,XAUUSD,sell,0.05,4.27
2133,2026-04-02,118,EURUSD,buy,0.5,2.46
1099,2026-04-02,147,XAUUSD,sell,0.05,6.9
1021,2026-04-02,50,GBPUSD,sell,0.5,29.87
1944,2026-04-03,97,USDJPY,buy,0.01,-0.18
2191,2026-04-03,45,XAUUSD,sell,0.5,-21.83
2909,2026-04-03,148,GBPUSD,sell,0.5,105.84
1397,2026-04-03,181,USDJPY,sell,0.05,0.52
1459,2026-04-03,65,GBPUSD,sell,0.1,-11.95
2546,2026-04-03,192,GBPUSD,buy,1.0,-17.95
868,2026-04-03,16,USDJPY,buy,0.01,0.09
1584,2026-04-03,1,EURUSD,buy,0.01,0.43
1519,2026-04-03,179,EURUSD,buy,0.01,0.5
203,2026-04-03,103,XAUUSD,buy,0.1,-0.63
1614,2026-04-06,197,XAUUSD,buy,0.5,-56.33
821,2026-04-06,61,XAUUSD,sell,0.05,-9.01
2747,2026-04-06,110,USDJPY,buy,0.01,-0.09
1445,2026-04-06,105,USDJPY,buy,0.01,-0.03
2996,2026-04-06,16,EURUSD,buy,0.1,0.86
1118,2026-04-06,52,USDJPY,sell,0.05,3.87
676,2026-04-06,33,USDJPY,sell,0.05,1.1
2602,2026-04-06,76,USDJPY,sell,0.05,3.86
1228,2026-04-06,193,GBPUSD,sell,1.0,-38.35
2446,2026-04-07,135,XAUUSD,buy,0.1,-20.8
1284,2026-04-07,189,GBPUSD,sell,0.01,0.54
2657,2026-04-07,189,EURUSD,sell,0.05,1.66
593,2026-04-07,122,EURUSD,sell,0.1,-0.63
1981,2026-04-07,160,XAUUSD,buy,0.05,2.59
25,2026-04-07,76,XAUUSD,buy,0.1,1.8
940,2026-04-07,105,USDJPY,sell,0.05,-2.26
2378,2026-04-07,11,XAUUSD,sell,1.0,192.82
1355,2026-04-07,197,XAUUSD,sell,0.5,0.12
1894,2026-04-07,6,GBPUSD,buy,0.05,0.69
2967,2026-04-07,110,EURUSD,sell,0.5,9.24
543,2026-04-08,131,EURUSD,sell,2.0,-38.81
1429,2026-04-08,158,EURUSD,sell,0.1,-6.24
607,2026-04-08,86,USDJPY,sell,0.01,0.18
586,2026-04-08,51,XAUUSD,sell,0.01,-2.27
2192,2026-04-08,153,GBPUSD,buy,0.05,4.19
2313,2026-04-08,160,EURUSD,sell,0.01,-0.06
2250,2026-04-08,192,XAUUSD,buy,0.1,5.83
2533,2026-04-08,138,XAUUSD,sell,1.0,161.85
2146,2026-04-08,44,USDJPY,sell,1.0,-67.48
1236,2026-04-08,76,GBPUSD,sell,0.05,-0.01
677,2026-04-08,166,USDJPY,buy,0.5,29.19
95,2026-04-08,139,GBPUSD,buy,0.05,1.2
1109,2026-04-08,105,EURUSD,sell,1.0,83.28
2883,2026-04-09,109,USDJPY,buy,0.1,-1.06
155,2026-04-09,70,GBPUSD,sell,1.0,86.86
180,2026-04-09,70,GBPUSD,buy,0.1,13.2
1821,2026-04-09,78,USDJPY,buy,0.05,-0.1
204,2026-04-09,27,EURUSD,buy,0.01,1.81
749,2026-04-09,55,XAUUSD,buy,0.1,8.28
2958,2026-04-09,3,XAUUSD,sell,0.01,-2.44
538,2026-04-09,186,EURUSD,buy,0.5,4.6
870,2026-04-09,3,XAUUSD,sell,0.01,-1.71
1537,2026-04-09,33,XAUUSD,buy,1.0,181.88
2400,2026-04-09,40,USDJPY,buy,0.05,-10.68
297,2026-04-09,168,USDJPY,sell,0.05,-2.52
686,2026-04-10,70,XAUUSD,sell,0.01,-0.27
1447,2026-04-10,154,USDJPY,buy,0.1,14.8
960,2026-04-10,21,EURUSD,buy,0.5,61.4
2062,2026-04-10,7,XAUUSD,buy,0.01,0.53
229,2026-04-10,23,EURUSD,buy,0.05,3.74
2742,2026-04-10,65,USDJPY,sell,0.5,33.74
1250,2026-04-10,104,EURUSD,buy,0.05,4.58
1791,2026-04-10,33,EURUSD,buy,0.01,0.22
1898,2026-04-10,186,USDJPY,buy,1.0,89.61
1154,2026-04-10,174,XAUUSD,buy,0.5,-75.87
2643,2026-04-10,93,XAUUSD,buy,0.01,-0.28
292,2026-04-13,72,GBPUSD,sell,0.01,1.33
108,2026-04-13,64,EURUSD,buy,0.01,-0.36
1983,2026-04-13,25,EURUSD,sell,0.1,13.86
2941,2026-04-13,78,EURUSD,buy,0.05,6.03
2377,2026-04-13,5,XAUUSD,sell,0.05,-0.11
2684,2026-04-13,172,EURUSD,buy,0.01,-0.4
1703,2026-04-13,166,GBPUSD,sell,0.01,1.25
296,2026-04-13,150,EURUSD,sell,0.05,5.27
2777,2026-04-13,11,EURUSD,buy,1.0,17.13
1960,2026-04-14,31,USDJPY,sell,0.5,-0.32
505,2026-04-14,196,GBPUSD,buy,0.1,10.23
1344,2026-04-14,58,USDJPY,buy,0.01,0.82
1467,2026-04-14,130,XAUUSD,buy,1.0,151.35
74,2026-04-14,50,EURUSD,buy,0.1,5.66
2172,2026-04-14,61,GBPUSD,sell,0.05,-8.63
2411,2026-04-14,39,XAUUSD,buy,0.05,3.07
1341,2026-04-14,84,EURUSD,buy,0.05,-5.44
281,2026-04-14,64,XAUUSD,sell,0.05,0.11
1836,2026-04-14,39,USDJPY,buy,0.05,-0.85
2376,2026-04-14,24,XAUUSD,sell,0.5,61.36
150,2026-04-15,117,GBPUSD,sell,1.0,-4.09
1078,2026-04-15,142,XAUUSD,buy,0.05,6.15
1996,2026-04-15,40,XAUUSD,sell,0.05,-3.88
274,2026-04-15,79,GBPUSD,buy,0.05,-3.65
1595,2026-04-15,45,XAUUSD,sell,0.1,-0.51
2696,2026-04-15,145,USDJPY,sell,0.5,-22.19
1005,2026-04-15,89,GBPUSD,sell,0.5,26.88
1402,2026-04-15,153,EURUSD,sell,0.05,-4.05
1172,2026-04-15,32,GBPUSD,sell,0.1,17.46
622,2026-04-15,118,USDJPY,sell,0.01,0.46
215,2026-04-15,136,EURUSD,sell,0.01,0.74
388,2026-04-15,55,EURUSD,buy,0.5,-87.42
2139,2026-04-15,99,EURUSD,buy,0.5,62.8
2542,2026-04-16,126,XAUUSD,buy,0.01,-0.36
146,2026-04-16,198,EURUSD,sell,0.5,25.38
2324,2026-04-16,46,USDJPY,buy,0.5,56.74
1556,2026-04-16,119,XAUUSD,buy,1.0,79.86
1391,2026-04-16,59,EURUSD,buy,1.0,-0.42
548,2026-04-16,163,GBPUSD,buy,0.05,-0.51
1188,2026-04-16,8,EURUSD,buy,2.0,-37.56
424,2026-04-16,185,GBPUSD,buy,0.1,-14.45
2248,2026-04-16,51,XAUUSD,sell,0.01,0.43
364,2026-04-16,59,USDJPY,sell,0.05,4.73
583,2026-04-16,102,USDJPY,sell,0.5,-43.15
1409,2026-04-16,95,XAUUSD,sell,0.1,18.07
2054,2026-04-16,139,USDJPY,buy,0.01,-0.38
2239,2026-04-16,76,EURUSD,buy,0.05,3.18
1966,2026-04-16,47,USDJPY,buy,0.1,-7.62
2323,2026-04-16,122,XAUUSD,sell,0.1,15.02
571,2026-04-16,2,EURUSD,buy,2.0,128.69
525,2026-04-17,142,GBPUSD,sell,0.05,4.48
1710,2026-04-17,1,EURUSD,buy,0.05,-0.84
2328,2026-04-17,107,XAUUSD,buy,0.1,19.0
1128,2026-04-17,49,XAUUSD,buy,0.05,-8.97
2721,2026-04-17,105,USDJPY,sell,0.1,2.15
2608,2026-04-17,2,EURUSD,sell,0.5,36.93
2553,2026-04-17,66,GBPUSD,sell,0.05,2.39
1867,2026-04-17,125,GBPUSD,buy,0.01,0.4
2347,2026-04-17,94,GBPUSD,buy,0.01,0.42
1256,2026-04-17,166,XAUUSD,buy,0.01,-1.62
763,2026-04-20,47,XAUUSD,sell,0.01,0.82
2387,2026-04-20,44,EURUSD,sell,0.05,3.56
2480,2026-04-20,144,EURUSD,sell,0.05,-1.46
2154,2026-04-20,32,EURUSD,buy,0.5,48.77
2791,2026-04-20,147,GBPUSD,sell,0.01,-0.16
1857,2026-04-20,27,USDJPY,buy,0.01,0.2
1258,2026-04-20,96,GBPUSD,sell,0.05,6.67
2109,2026-04-20,22,XAUUSD,buy,0.1,8.3
1033,2026-04-20,189,XAUUSD,buy,0.5,112.54
2201,2026-04-20,57,USDJPY,sell,0.05,2.97
1134,2026-04-20,127,GBPUSD,sell,0.5,-18.04
717,2026-04-20,154,USDJPY,buy,1.0,160.11
139,2026-04-20,108,EURUSD,buy,0.1,3.64
973,2026-04-20,174,USDJPY,buy,0.1,7.41
951,2026-04-20,32,USDJPY,sell,0.01,0.79
923,2026-04-20,85,EURUSD,sell,0.1,13.99
665,2026-04-20,65,GBPUSD,sell,0.1,10.26
1268,2026-04-20,31,GBPUSD,buy,0.01,-0.38
1233,2026-04-21,117,GBPUSD,sell,0.1,-4.2
2163,2026-04-21,41,USDJPY,buy,0.1,-0.36
170,2026-04-21,4,XAUUSD,sell,0.05,-0.46
1803,2026-04-21,116,GBPUSD,buy,0.05,1.93
839,2026-04-21,21,XAUUSD,sell,0.5,142.58
2771,2026-04-21,82,XAUUSD,buy,0.01,0.2
2593,2026-04-21,8,USDJPY,buy,0.1,0.63
1424,2026-04-21,181,GBPUSD,buy,0.1,1.5
2703,2026-04-21,120,XAUUSD,buy,0.01,2.31
2741,2026-04-21,65,XAUUSD,buy,1.0,-4.03
1593,2026-04-21,71,XAUUSD,sell,0.1,-1.54
1619,2026-04-21,115,EURUSD,sell,1.0,64.99
175,2026-04-22,109,EURUSD,buy,0.01,-0.92
185,2026-04-22,94,XAUUSD,buy,0.1,8.43
1855,2026-04-22,98,XAUUSD,sell,0.1,2.83
493,2026-04-22,125,XAUUSD,sell,0.5,-6.07
1835,2026-04-22,136,EURUSD,buy,0.1,0.89
1392,2026-04-22,138,XAUUSD,buy,0.01,0.81
90,2026-04-22,7,GBPUSD,buy,0.05,-1.82
1785,2026-04-22,38,EURUSD,sell,0.1,11.28
234,2026-04-22,77,XAUUSD,buy,0.05,4.17
2997,2026-04-22,132,EURUSD,sell,0.05,-1.36
1444,2026-04-22,54,XAUUSD,sell,2.0,361.97
603,2026-04-22,7,XAUUSD,buy,0.01,-0.36
1102,2026-04-22,59,EURUSD,sell,0.1,-6.82
2289,2026-04-22,40,USDJPY,buy,0.5,5.28
2960,2026-04-23,17,EURUSD,sell,0.05,7.25
2740,2026-04-23,3,USDJPY,sell,0.5,29.24
1811,2026-04-24,144,EURUSD,buy,0.1,-2.82
2963,2026-04-24,148,USDJPY,sell,0.01,0.46
2236,2026-04-24,12,USDJPY,sell,0.05,2.7
627,2026-04-24,62,EURUSD,buy,0.01,0.75
2297,2026-04-24,74,EURUSD,sell,0.5,-1.62
2928,2026-04-24,7,USDJPY,buy,0.01,1.8
1170,2026-04-24,101,GBPUSD,buy,0.1,9.27
1833,2026-04-24,99,EURUSD,buy,2.0,210.49
2500,2026-04-24,9,EURUSD,sell,0.05,2.78
2366,2026-04-24,78,USDJPY,sell,0.05,-4.9
2359,2026-04-24,71,USDJPY,buy,0.01,0.51
1699,2026-04-24,65,XAUUSD,sell,0.1,11.86
321,2026-04-27,194,GBPUSD,buy,0.01,-0.46
1986,2026-04-27,40,GBPUSD,sell,0.5,-38.07
644,2026-04-27,65,GBPUSD,buy,0.05,2.64
1976,2026-04-27,175,GBPUSD,buy,0.01,0.59
2134,2026-04-27,13,EURUSD,buy,0.5,40.36
1695,2026-04-27,77,XAUUSD,sell,0.5,91.62
2485,2026-04-27,6,GBPUSD,sell,0.01,0.6
736,2026-04-27,164,USDJPY,buy,1.0,-109.05
2706,2026-04-27,97,USDJPY,buy,0.05,3.02
1570,2026-04-27,170,EURUSD,sell,0.1,7.42
2754,2026-04-27,108,EURUSD,sell,0.5,15.76
2395,2026-04-27,36,USDJPY,sell,2.0,176.62
447,2026-04-28,147,EURUSD,buy,0.1,9.43
1450,2026-04-28,40,XAUUSD,buy,0.01,0.27
1287,2026-04-28,86,GBPUSD,buy,0.5,15.67
1805,2026-04-28,30,GBPUSD,buy,1.0,31.09
1896,2026-04-28,62,GBPUSD,sell,0.5,45.06
2233,2026-04-28,130,GBPUSD,buy,0.01,-0.94
742,2026-04-28,125,GBPUSD,sell,0.1,-5.57
1442,2026-04-28,132,EURUSD,sell,0.05,3.06
1420,2026-04-28,128,USDJPY,buy,0.05,0.08
224,2026-04-28,163,EURUSD,buy,0.05,-4.05
1224,2026-04-29,136,EURUSD,sell,0.05,3.45
328,2026-04-29,185,EURUSD,buy,1.0,-44.08
2848,2026-04-29,78,GBPUSD,sell,2.0,300.89
2255,2026-04-29,107,EURUSD,buy,2.0,199.65
1346,2026-04-29,119,GBPUSD,sell,0.01,0.4
789,2026-04-29,29,USDJPY,sell,0.1,-11.24
305,2026-04-29,68,XAUUSD,sell,0.01,0.37
938,2026-04-29,90,EURUSD,sell,0.1,1.11
2165,2026-04-30,165,XAUUSD,sell,0.5,-60.42
2755,2026-04-30,40,USDJPY,buy,0.01,0.05
2321,2026-04-30,98,EURUSD,buy,0.01,-0.24
2886,2026-04-30,10,EURUSD,sell,1.0,174.71
1997,2026-04-30,65,XAUUSD,sell,0.1,11.07
815,2026-04-30,40,XAUUSD,buy,0.5,-21.69
1846,2026-04-30,174,XAUUSD,buy,1.0,-255.37
1718,2026-04-30,142,GBPUSD,sell,0.1,4.97
454,2026-05-01,91,GBPUSD,buy,0.05,6.3
1043,2026-05-01,71,USDJPY,buy,0.05,4.7
2633,2026-05-01,101,XAUUSD,sell,0.01,-0.44
54,2026-05-01,57,USDJPY,sell,0.1,4.52
257,2026-05-01,187,EURUSD,sell,0.01,0.64
1273,2026-05-01,75,XAUUSD,buy,0.5,-81.11
426,2026-05-01,184,EURUSD,sell,0.1,1.33
2523,2026-05-01,167,XAUUSD,sell,1.0,67.21
1793,2026-05-01,13,USDJPY,buy,0.01,-0.65
836,2026-05-01,195,EURUSD,sell,0.01,1.41
855,2026-05-01,48,GBPUSD,sell,0.5,51.57
808,2026-05-01,171,USDJPY,buy,0.05,2.63
2767,2026-05-04,45,XAUUSD,sell,0.05,7.86
1899,2026-05-04,23,GBPUSD,sell,0.05,1.31
529,2026-05-04,180,GBPUSD,buy,0.01,0.21
913,2026-05-04,69,XAUUSD,sell,0.1,1.45
515,2026-05-04,162,USDJPY,buy,0.01,-0.75
455,2026-05-04,24,XAUUSD,sell,0.01,-0.16
306,2026-05-04,143,USDJPY,buy,1.0,44.65
2453,2026-05-04,20,USDJPY,sell,0.5,62.29
2067,2026-05-04,165,EURUSD,buy,0.05,-2.73
2590,2026-05-04,140,GBPUSD,sell,0.5,51.82
2806,2026-05-04,152,XAUUSD,buy,1.0,44.61
2981,2026-05-05,135,XAUUSD,buy,0.5,-172.66
1643,2026-05-05,41,EURUSD,buy,0.01,0.77
34,2026-05-05,173,XAUUSD,buy,0.05,-4.48
2864,2026-05-05,95,EURUSD,buy,0.01,-0.27
1523,2026-05-05,166,XAUUSD,sell,1.0,33.92
252,2026-05-05,72,GBPUSD,buy,0.01,0.76
1890,2026-05-05,108,EURUSD,sell,0.05,-0.14
2671,2026-05-05,130,GBPUSD,sell,0.5,54.53
53,2026-05-05,27,XAUUSD,sell,0.05,-2.81
909,2026-05-06,36,XAUUSD,buy,0.1,20.6
2020,2026-05-06,169,XAUUSD,sell,0.5,-1.23
2634,2026-05-06,131,USDJPY,sell,0.01,-0.29
1542,2026-05-06,147,GBPUSD,buy,0.5,-126.49
2247,2026-05-06,74,EURUSD,sell,0.01,-0.83
2988,2026-05-06,197,GBPUSD,sell,0.1,-4.22
26,2026-05-06,28,EURUSD,buy,0.05,0.1
63,2026-05-06,119,USDJPY,buy,2.0,211.38
2203,2026-05-06,112,GBPUSD,sell,0.5,73.29
2930,2026-05-06,179,USDJPY,buy,1.0,-54.42
1734,2026-05-06,33,XAUUSD,buy,0.05,-5.09
1754,2026-05-06,143,EURUSD,sell,0.01,-0.78
2690,2026-05-06,56,XAUUSD,buy,0.01,0.87
1596,2026-05-06,12,XAUUSD,sell,0.1,-8.52
1904,2026-05-06,91,XAUUSD,sell,0.05,-5.85
496,2026-05-06,62,EURUSD,sell,0.1,12.92
133,2026-05-07,3,GBPUSD,buy,0.1,6.27
310,2026-05-07,102,GBPUSD,sell,1.0,91.99
2486,2026-05-07,182,USDJPY,buy,0.05,4.8
1597,2026-05-07,159,GBPUSD,buy,1.0,171.35
467,2026-05-07,169,EURUSD,sell,2.0,-90.55
1112,2026-05-07,85,XAUUSD,buy,2.0,-234.57
2581,2026-05-07,102,USDJPY,buy,0.01,-1.17
2890,2026-05-07,134,EURUSD,buy,0.1,8.61
2408,2026-05-07,140,XAUUSD,buy,0.05,-6.92
2713,2026-05-07,87,XAUUSD,sell,0.01,-0.17
2592,2026-05-07,197,EURUSD,buy,0.05,8.67
2541,2026-05-07,37,USDJPY,buy,0.05,4.18
1266,2026-05-07,12,USDJPY,sell,0.1,13.66
2422,2026-05-07,159,EURUSD,sell,0.01,-1.77
1815,2026-05-07,105,XAUUSD,buy,0.05,-3.26
381,2026-05-07,121,EURUSD,sell,0.05,3.12
689,2026-05-07,110,XAUUSD,sell,0.01,0.05
2627,2026-05-08,76,EURUSD,buy,1.0,129.45
2552,2026-05-08,181,USDJPY,sell,0.5,8.26
704,2026-05-08,117,USDJPY,sell,0.01,-0.43
2155,2026-05-08,159,XAUUSD,sell,0.05,-1.75
1993,2026-05-08,116,USDJPY,buy,0.1,-14.27
906,2026-05-08,48,USDJPY,sell,0.1,6.93
1294,2026-05-08,125,EURUSD,buy,0.01,-0.05
2644,2026-05-08,63,USDJPY,sell,0.5,-37.68
119,2026-05-08,128,XAUUSD,sell,0.05,-1.23
2618,2026-05-08,61,GBPUSD,buy,0.1,2.29
1201,2026-05-11,24,GBPUSD,sell,0.01,-1.44
2915,2026-05-11,45,GBPUSD,buy,2.0,-47.61
1874,2026-05-11,118,USDJPY,buy,0.01,-0.54
2649,2026-05-11,8,GBPUSD,buy,0.1,-2.41
646,2026-05-11,81,USDJPY,buy,0.05,-1.22
608,2026-05-11,87,XAUUSD,sell,0.1,2.78
695,2026-05-11,155,XAUUSD,sell,0.01,-0.55
1498,2026-05-11,199,USDJPY,buy,0.1,-7.87
1098,2026-05-11,84,GBPUSD,sell,0.1,2.24
2821,2026-05-11,58,GBPUSD,sell,0.5,23.35
1307,2026-05-11,58,XAUUSD,buy,0.01,2.71
152,2026-05-11,111,GBPUSD,buy,1.0,118.51
1352,2026-05-11,134,USDJPY,buy,0.5,19.33
826,2026-05-11,30,GBPUSD,sell,0.1,11.29
2678,2026-05-11,190,USDJPY,sell,0.01,0.87
2484,2026-05-11,197,GBPUSD,buy,0.01,-0.48
732,2026-05-11,110,XAUUSD,sell,0.1,1.98
2892,2026-05-12,152,EURUSD,buy,0.05,6.54
1372,2026-05-12,43,EURUSD,buy,0.05,-0.49
1123,2026-05-12,106,XAUUSD,buy,0.01,-1.67
1796,2026-05-12,76,EURUSD,sell,0.05,-7.83
2857,2026-05-12,121,GBPUSD,sell,0.01,1.05
97,2026-05-12,121,USDJPY,buy,0.5,-5.22
1677,2026-05-12,140,GBPUSD,buy,0.5,15.65
2350,2026-05-12,69,USDJPY,buy,0.1,7.76
954,2026-05-13,168,USDJPY,sell,0.05,2.16
917,2026-05-13,47,USDJPY,buy,0.5,-37.46
1322,2026-05-13,151,EURUSD,sell,0.01,-0.25
2530,2026-05-13,159,USDJPY,sell,0.1,1.77
803,2026-05-13,134,USDJPY,sell,1.0,37.41
1272,2026-05-13,102,XAUUSD,buy,0.01,-1.82
606,2026-05-13,69,GBPUSD,buy,0.01,1.02
2518,2026-05-13,82,USDJPY,buy,0.5,9.77
699,2026-05-13,121,USDJPY,sell,0.01,-0.03
918,2026-05-13,170,GBPUSD,sell,2.0,-25.01
127,2026-05-13,61,EURUSD,sell,0.05,-1.97
225,2026-05-13,124,XAUUSD,buy,0.1,-0.12
188,2026-05-13,176,USDJPY,buy,0.1,5.8
998,2026-05-13,39,EURUSD,sell,0.05,-0.25
2207,2026-05-13,88,USDJPY,sell,0.01,-0.06
499,2026-05-14,198,GBPUSD,sell,0.5,-27.24
238,2026-05-14,59,EURUSD,sell,0.05,2.58
1928,2026-05-14,93,EURUSD,buy,0.5,17.44
2760,2026-05-14,125,XAUUSD,buy,0.01,1.15
2926,2026-05-14,160,XAUUSD,buy,1.0,213.91
969,2026-05-14,23,EURUSD,sell,0.01,-1.06
2099,2026-05-14,163,GBPUSD,sell,0.01,0.6
2871,2026-05-14,159,USDJPY,sell,0.05,4.83
186,2026-05-14,11,GBPUSD,sell,0.01,0.23
2694,2026-05-14,134,USDJPY,sell,0.01,-0.26
643,2026-05-14,109,USDJPY,sell,0.01,-0.06
1279,2026-05-14,111,EURUSD,sell,0.01,1.81
1634,2026-05-14,144,EURUSD,buy,1.0,-81.34
2977,2026-05-14,147,EURUSD,sell,0.1,10.27
786,2026-05-15,198,GBPUSD,buy,0.1,-1.52
1196,2026-05-15,41,USDJPY,sell,0.01,1.72
2093,2026-05-15,157,XAUUSD,sell,1.0,-103.53
401,2026-05-15,59,USDJPY,sell,0.01,1.1
5,2026-05-15,162,GBPUSD,sell,0.05,0.09
2906,2026-05-15,130,EURUSD,sell,0.01,1.8
137,2026-05-15,132,USDJPY,buy,1.0,85.55
663,2026-05-15,6,EURUSD,buy,0.5,-46.33
1219,2026-05-15,102,GBPUSD,buy,1.0,55.27
2149,2026-05-15,125,XAUUSD,buy,0.01,-0.28
263,2026-05-15,153,GBPUSD,buy,1.0,-21.84
1752,2026-05-18,79,XAUUSD,sell,0.01,-1.61
109,2026-05-18,116,GBPUSD,buy,0.01,2.05
2569,2026-05-18,74,XAUUSD,buy,0.05,-4.86
1690,2026-05-18,90,EURUSD,sell,0.5,40.18
1488,2026-05-18,1,XAUUSD,sell,0.1,9.26
1991,2026-05-18,113,USDJPY,sell,0.01,-0.34
248,2026-05-18,5,EURUSD,sell,1.0,164.91
473,2026-05-18,118,EURUSD,buy,0.05,1.09
61,2026-05-18,98,XAUUSD,sell,1.0,68.78
2596,2026-05-18,82,XAUUSD,buy,0.1,33.49
1700,2026-05-18,137,USDJPY,buy,0.5,8.72
2701,2026-05-18,194,USDJPY,buy,2.0,36.63
1111,2026-05-19,18,EURUSD,buy,0.1,2.92
44,2026-05-19,116,USDJPY,buy,0.01,1.24
1348,2026-05-19,164,EURUSD,buy,0.1,3.12
2056,2026-05-19,156,EURUSD,buy,0.1,-16.48
371,2026-05-19,68,GBPUSD,buy,0.1,10.58
144,2026-05-19,139,XAUUSD,buy,1.0,-144.68
1025,2026-05-19,77,EURUSD,sell,1.0,99.91
2710,2026-05-19,24,XAUUSD,buy,0.1,8.31
1826,2026-05-19,34,XAUUSD,sell,0.05,-1.24
2980,2026-05-20,102,EURUSD,buy,0.1,-20.84
2370,2026-05-20,160,EURUSD,buy,0.5,79.75
2870,2026-05-20,138,XAUUSD,sell,2.0,45.37
1027,2026-05-20,73,USDJPY,sell,0.1,10.65
1216,2026-05-20,177,EURUSD,sell,0.01,0.04
851,2026-05-20,130,USDJPY,sell,0.5,5.5
832,2026-05-20,103,GBPUSD,sell,0.1,9.04
55,2026-05-20,69,USDJPY,buy,0.05,-0.23
1795,2026-05-20,195,USDJPY,buy,1.0,209.91
1587,2026-05-20,139,USDJPY,buy,0.01,0.02
1548,2026-05-20,63,EURUSD,sell,0.01,-0.45
775,2026-05-20,53,USDJPY,sell,0.05,0.03
245,2026-05-20,7,XAUUSD,buy,0.1,-14.0
1882,2026-05-20,64,USDJPY,buy,0.01,0.88
1415,2026-05-21,159,XAUUSD,buy,2.0,-317.15
1580,2026-05-21,5,USDJPY,buy,0.01,-0.23
693,2026-05-21,47,EURUSD,buy,1.0,40.18
1140,2026-05-21,176,EURUSD,buy,2.0,342.19
867,2026-05-21,136,USDJPY,sell,0.01,0.46
1463,2026-05-21,136,XAUUSD,buy,0.05,-3.2
2273,2026-05-21,93,GBPUSD,buy,0.05,1.48
2336,2026-05-21,196,GBPUSD,buy,0.05,4.28
1651,2026-05-21,190,XAUUSD,buy,2.0,436.27
2554,2026-05-22,132,USDJPY,buy,0.01,0.59
1006,2026-05-22,146,XAUUSD,buy,2.0,-266.51
2444,2026-05-22,115,USDJPY,buy,2.0,-72.48
2945,2026-05-22,50,EURUSD,buy,0.01,-0.99
629,2026-05-22,135,USDJPY,buy,0.05,0.91
996,2026-05-22,167,EURUSD,buy,0.1,11.88
476,2026-05-22,76,EURUSD,sell,0.1,1.13
1758,2026-05-22,3,XAUUSD,sell,0.5,14.59
2956,2026-05-22,164,USDJPY,sell,0.5,9.07
1639,2026-05-22,144,EURUSD,sell,0.1,-7.85
2330,2026-05-22,159,GBPUSD,buy,1.0,107.03
1617,2026-05-22,72,USDJPY,sell,2.0,215.55
2572,2026-05-22,75,GBPUSD,sell,1.0,-47.07
2611,2026-05-22,141,XAUUSD,buy,0.01,0.97
1176,2026-05-22,118,USDJPY,sell,0.01,-0.22
73,2026-05-25,21,GBPUSD,buy,0.01,-0.72
1150,2026-05-25,32,XAUUSD,sell,0.01,0.42
2973,2026-05-25,36,EURUSD,buy,2.0,-101.73
2059,2026-05-25,197,USDJPY,buy,0.05,-2.09
753,2026-05-25,194,USDJPY,sell,0.1,3.71
2333,2026-05-25,19,EURUSD,sell,0.05,-3.38
2688,2026-05-25,84,GBPUSD,buy,0.05,0.22
2842,2026-05-25,31,XAUUSD,buy,0.1,-15.7
1384,2026-05-25,5,USDJPY,sell,0.05,-4.14
2514,2026-05-25,187,EURUSD,sell,0.1,6.64
1208,2026-05-25,129,GBPUSD,buy,0.5,6.92
2036,2026-05-25,83,EURUSD,buy,0.05,9.88
2778,2026-05-25,122,EURUSD,sell,0.1,-12.63
2647,2026-05-25,196,EURUSD,sell,0.05,1.08
141,2026-05-25,44,GBPUSD,sell,0.05,5.79
2197,2026-05-25,92,EURUSD,sell,0.01,-0.92
472,2026-05-25,128,GBPUSD,sell,0.1,2.91
136,2026-05-25,198,USDJPY,buy,0.1,-7.97
740,2026-05-26,116,GBPUSD,sell,0.1,3.03
2808,2026-05-26,73,GBPUSD,buy,0.05,-4.35
1964,2026-05-26,63,GBPUSD,buy,0.01,0.72
2434,2026-05-26,184,GBPUSD,buy,0.1,9.0
2929,2026-05-26,190,USDJPY,sell,2.0,246.55
2968,2026-05-26,13,XAUUSD,buy,0.5,40.92
1148,2026-05-26,144,EURUSD,buy,0.01,-0.43
1726,2026-05-26,94,GBPUSD,sell,0.5,-43.13
936,2026-05-26,149,GBPUSD,buy,0.1,-3.55
1088,2026-05-26,83,XAUUSD,buy,1.0,67.54
2551,2026-05-26,50,EURUSD,buy,1.0,-4.47
2680,2026-05-27,82,EURUSD,sell,1.0,29.55
2702,2026-05-27,139,XAUUSD,buy,0.5,71.29
2655,2026-05-27,90,USDJPY,sell,0.1,0.17
1631,2026-05-27,97,EURUSD,buy,0.01,-0.6
2913,2026-05-27,87,XAUUSD,buy,0.5,27.5
1794,2026-05-27,192,XAUUSD,sell,0.1,2.52
2543,2026-05-27,150,EURUSD,buy,0.05,-0.41
2970,2026-05-27,102,EURUSD,buy,0.1,-2.29
609,2026-05-27,68,XAUUSD,sell,0.01,-0.39
2335,2026-05-27,138,GBPUSD,sell,0.1,0.21
1884,2026-05-27,168,XAUUSD,sell,1.0,33.6
1572,2026-05-27,144,USDJPY,sell,0.01,1.64
1869,2026-05-28,178,EURUSD,sell,0.05,0.66
2868,2026-05-28,128,USDJPY,sell,1.0,42.0
2218,2026-05-28,58,GBPUSD,sell,0.05,-1.75
1235,2026-05-28,95,USDJPY,sell,0.5,-36.34
1908,2026-05-28,141,USDJPY,sell,0.1,-1.92
416,2026-05-28,125,EURUSD,buy,0.1,-0.72
1544,2026-05-28,35,USDJPY,buy,0.01,0.37
706,2026-05-28,143,GBPUSD,sell,0.05,2.27
678,2026-05-28,128,XAUUSD,buy,1.0,194.56
893,2026-05-28,139,XAUUSD,sell,0.5,119.12
535,2026-05-28,170,EURUSD,sell,0.5,49.49
1301,2026-05-28,90,EURUSD,buy,0.05,-8.65
976,2026-05-28,200,XAUUSD,sell,0.1,-6.39
1765,2026-05-28,33,XAUUSD,sell,0.01,0.34
1949,2026-05-28,6,USDJPY,buy,0.05,0.31
545,2026-05-28,103,EURUSD,sell,0.05,-4.39
846,2026-05-28,109,XAUUSD,buy,0.1,6.39
991,2026-05-28,101,EURUSD,sell,1.0,-109.05
2504,2026-05-29,100,EURUSD,buy,0.01,-0.1
1879,2026-05-29,82,GBPUSD,buy,0.01,-0.13
209,2026-05-29,19,EURUSD,sell,0.05,4.08
2489,2026-05-29,184,XAUUSD,buy,0.1,-11.48
1630,2026-05-29,111,USDJPY,buy,0.01,-0.15
323,2026-05-29,87,XAUUSD,sell,0.05,0.94
784,2026-05-29,199,USDJPY,sell,1.0,-36.07
1692,2026-05-29,80,GBPUSD,sell,1.0,145.61
758,2026-05-29,178,XAUUSD,buy,1.0,-10.14
1439,2026-06-01,98,USDJPY,sell,0.5,13.29
1492,2026-06-01,172,USDJPY,sell,0.05,-6.61
2242,2026-06-01,152,GBPUSD,buy,0.05,1.28
1135,2026-06-01,137,XAUUSD,buy,0.05,4.65
397,2026-06-01,42,GBPUSD,sell,1.0,162.84
866,2026-06-01,48,GBPUSD,buy,0.01,0.36
2223,2026-06-01,14,USDJPY,buy,0.1,7.69
2632,2026-06-01,6,GBPUSD,buy,0.01,-0.14
30,2026-06-01,29,EURUSD,buy,0.1,-12.4
1046,2026-06-01,128,USDJPY,sell,0.05,-8.74
1515,2026-06-01,39,USDJPY,buy,0.05,2.99
411,2026-06-01,106,USDJPY,sell,0.1,6.94
464,2026-06-01,12,USDJPY,sell,0.05,1.35
1627,2026-06-01,69,GBPUSD,sell,0.05,6.33
756,2026-06-01,190,GBPUSD,buy,0.05,-3.64
2781,2026-06-02,18,USDJPY,sell,0.01,0.05
1518,2026-06-02,148,GBPUSD,sell,0.01,1.48
402,2026-06-02,22,EURUSD,buy,2.0,319.36
862,2026-06-02,70,GBPUSD,sell,0.01,0.26
539,2026-06-02,182,USDJPY,buy,0.01,-0.32
2953,2026-06-02,48,XAUUSD,buy,0.01,-1.78
2867,2026-06-02,134,XAUUSD,buy,0.05,-1.48
2375,2026-06-02,49,GBPUSD,sell,0.05,0.08
2663,2026-06-02,47,USDJPY,sell,0.05,2.46
1426,2026-06-02,154,XAUUSD,sell,0.5,83.86
2676,2026-06-02,113,EURUSD,sell,0.05,-0.24
1679,2026-06-02,3,XAUUSD,buy,0.05,7.55
2354,2026-06-02,146,USDJPY,sell,0.05,-6.21
925,2026-06-02,172,EURUSD,buy,0.01,-0.38
1975,2026-06-02,147,USDJPY,sell,0.01,0.81
1577,2026-06-02,56,GBPUSD,buy,0.1,8.73
872,2026-06-03,164,GBPUSD,buy,0.05,-1.74
726,2026-06-03,87,XAUUSD,buy,0.05,-5.33
1263,2026-06-03,139,USDJPY,buy,0.1,11.08
2854,2026-06-03,137,EURUSD,buy,0.1,-3.69
1715,2026-06-03,175,GBPUSD,buy,0.5,54.84
2790,2026-06-03,29,XAUUSD,sell,0.5,74.58
971,2026-06-03,176,GBPUSD,sell,2.0,154.18
2055,2026-06-03,128,EURUSD,buy,0.5,59.87
1157,2026-06-03,3,GBPUSD,buy,0.05,4.52
404,2026-06-03,14,XAUUSD,sell,0.01,1.48
1277,2026-06-03,70,XAUUSD,buy,0.05,3.28
1300,2026-06-03,114,USDJPY,buy,1.0,-108.08
530,2026-06-03,100,EURUSD,sell,0.05,-0.37
1044,2026-06-03,4,USDJPY,sell,0.1,1.0
1286,2026-06-04,12,EURUSD,buy,0.01,0.69
869,2026-06-04,157,EURUSD,buy,0.5,16.07
2031,2026-06-04,23,GBPUSD,buy,0.1,11.72
352,2026-06-04,46,USDJPY,buy,0.5,-14.65
1659,2026-06-04,156,EURUSD,sell,0.1,-7.37
814,2026-06-04,31,XAUUSD,buy,0.1,23.1
655,2026-06-04,111,USDJPY,sell,0.01,-0.75
359,2026-06-04,112,XAUUSD,buy,1.0,-25.82
1361,2026-06-04,35,XAUUSD,sell,0.5,82.02
1931,2026-06-05,38,GBPUSD,buy,0.5,41.38
96,2026-06-05,125,EURUSD,sell,0.05,-4.74
2293,2026-06-05,60,EURUSD,buy,2.0,132.45
1298,2026-06-05,145,XAUUSD,buy,0.01,-1.48
166,2026-06-05,47,GBPUSD,sell,0.5,-74.13
1900,2026-06-05,67,XAUUSD,sell,0.05,-3.99
2135,2026-06-05,145,EURUSD,sell,0.01,0.39
2023,2026-06-05,189,USDJPY,sell,0.05,3.2
1683,2026-06-05,156,XAUUSD,buy,0.5,-49.22
2044,2026-06-05,18,GBPUSD,sell,0.05,-3.25
845,2026-06-05,155,USDJPY,buy,0.01,-0.07
1051,2026-06-05,156,USDJPY,sell,0.01,1.39
2275,2026-06-05,170,EURUSD,sell,1.0,-35.25
1291,2026-06-08,198,EURUSD,sell,1.0,36.35
999,2026-06-08,148,GBPUSD,sell,0.01,1.06
1217,2026-06-08,185,USDJPY,buy,0.1,1.27
1889,2026-06-08,101,XAUUSD,sell,0.5,-13.09
2515,2026-06-08,139,XAUUSD,buy,1.0,14.91
1935,2026-06-08,134,EURUSD,sell,0.01,-0.57
216,2026-06-08,2,EURUSD,buy,1.0,-98.75
2301,2026-06-08,24,USDJPY,buy,0.05,4.77
1421,2026-06-09,165,XAUUSD,sell,0.01,-0.15
721,2026-06-09,87,GBPUSD,buy,0.1,-6.26
2568,2026-06-09,48,GBPUSD,buy,0.01,0.14
2305,2026-06-09,58,GBPUSD,sell,0.1,-5.52
256,2026-06-09,4,GBPUSD,buy,0.01,0.25
2157,2026-06-09,96,XAUUSD,buy,0.1,-7.15
2695,2026-06-09,138,EURUSD,buy,0.1,8.39
929,2026-06-09,46,EURUSD,sell,2.0,-161.41
374,2026-06-09,82,XAUUSD,buy,1.0,79.67
2115,2026-06-09,151,GBPUSD,sell,0.1,-6.69
1509,2026-06-09,5,USDJPY,sell,0.5,45.66
778,2026-06-09,101,GBPUSD,sell,0.05,5.78
221,2026-06-09,72,EURUSD,buy,1.0,88.5
154,2026-06-10,93,USDJPY,sell,0.5,-36.22
912,2026-06-10,133,XAUUSD,buy,0.05,-0.37
541,2026-06-10,200,USDJPY,sell,0.5,52.51
2519,2026-06-10,7,GBPUSD,sell,0.01,0.22
380,2026-06-10,169,USDJPY,buy,0.05,-0.65
429,2026-06-10,192,USDJPY,buy,0.1,6.06
2861,2026-06-10,123,XAUUSD,buy,0.5,-143.72
1207,2026-06-10,170,XAUUSD,buy,0.1,-3.81
1637,2026-06-10,69,EURUSD,buy,0.1,-1.89
67,2026-06-10,89,USDJPY,buy,0.1,-1.43
2267,2026-06-10,138,USDJPY,sell,0.01,0.74
1255,2026-06-11,92,GBPUSD,sell,1.0,41.34
2639,2026-06-11,194,GBPUSD,buy,1.0,-57.28
729,2026-06-11,1,XAUUSD,sell,0.1,-13.09
2028,2026-06-11,74,EURUSD,buy,0.1,1.04
1842,2026-06-11,22,USDJPY,buy,0.01,1.5
1984,2026-06-11,140,XAUUSD,buy,0.1,9.58
1827,2026-06-12,180,USDJPY,buy,0.01,1.29
2427,2026-06-12,137,XAUUSD,buy,0.5,-40.22
1438,2026-06-12,166,XAUUSD,buy,0.01,-0.49
2697,2026-06-12,135,XAUUSD,sell,1.0,151.2
995,2026-06-12,25,XAUUSD,buy,0.1,-2.39
2921,2026-06-12,95,GBPUSD,buy,0.5,-24.22
2419,2026-06-12,2,EURUSD,buy,0.01,0.78
777,2026-06-12,141,EURUSD,sell,0.05,-0.38
2021,2026-06-12,167,EURUSD,sell,0.1,-4.77
765,2026-06-12,60,USDJPY,sell,2.0,-21.18
329,2026-06-12,45,USDJPY,buy,0.05,1.75
162,2026-06-12,117,GBPUSD,sell,0.05,6.3
2116,2026-06-12,115,GBPUSD,sell,0.1,-10.5
99,2026-06-12,150,USDJPY,buy,0.5,-10.83
2129,2026-06-15,135,EURUSD,sell,2.0,320.9
2964,2026-06-15,160,XAUUSD,buy,1.0,-109.34
1125,2026-06-15,84,XAUUSD,buy,0.1,-1.54
1114,2026-06-15,125,GBPUSD,sell,1.0,158.11
1206,2026-06-15,125,GBPUSD,sell,2.0,-266.41
2659,2026-06-15,196,XAUUSD,buy,0.1,-3.51
926,2026-06-15,197,XAUUSD,buy,0.1,-8.47
326,2026-06-15,99,GBPUSD,buy,0.1,20.18
2478,2026-06-15,92,GBPUSD,buy,0.05,-5.77
1834,2026-06-15,102,USDJPY,buy,0.01,0.33
604,2026-06-15,116,EURUSD,sell,0.5,16.51
319,2026-06-15,67,GBPUSD,buy,0.5,48.03
1635,2026-06-15,31,XAUUSD,buy,0.01,-0.44
124,2026-06-15,9,USDJPY,buy,0.1,12.33
2065,2026-06-15,66,XAUUSD,sell,0.05,8.91
709,2026-06-15,37,EURUSD,buy,0.1,-12.65
2834,2026-06-15,98,XAUUSD,buy,0.05,-7.29
2237,2026-06-15,188,GBPUSD,buy,0.01,0.17
2843,2026-06-15,88,EURUSD,sell,0.5,-111.94
641,2026-06-15,177,GBPUSD,buy,0.05,-4.43
1520,2026-06-16,27,GBPUSD,buy,0.05,4.45
1082,2026-06-16,154,XAUUSD,sell,0.05,5.41
415,2026-06-16,68,USDJPY,sell,0.5,27.41
2714,2026-06-16,176,XAUUSD,sell,0.01,-0.86
2358,2026-06-16,120,USDJPY,sell,0.05,0.78
2520,2026-06-16,172,GBPUSD,sell,0.05,6.94
2990,2026-06-16,29,EURUSD,sell,0.1,-7.24
2069,2026-06-16,151,USDJPY,sell,0.05,-0.71
41,2026-06-16,106,XAUUSD,buy,1.0,-24.08
2009,2026-06-16,197,XAUUSD,buy,0.1,36.46
418,2026-06-16,199,GBPUSD,sell,0.5,4.6
1770,2026-06-16,4,GBPUSD,buy,0.05,7.85
362,2026-06-16,131,USDJPY,buy,2.0,160.8
294,2026-06-16,124,XAUUSD,buy,0.1,-10.02
1728,2026-06-17,188,GBPUSD,sell,1.0,-14.79
2030,2026-06-17,38,USDJPY,sell,0.05,1.83
2763,2026-06-17,167,USDJPY,sell,2.0,-4.33
120,2026-06-17,194,XAUUSD,buy,0.1,-9.14
2240,2026-06-17,23,XAUUSD,buy,0.1,1.66
585,2026-06-17,113,EURUSD,sell,0.01,0.23
952,2026-06-17,98,XAUUSD,buy,0.01,0.13
2502,2026-06-17,173,USDJPY,sell,0.01,-0.19
230,2026-06-17,118,XAUUSD,buy,0.5,64.18
437,2026-06-17,89,XAUUSD,buy,0.01,0.29
1714,2026-06-18,72,XAUUSD,sell,0.01,0.52
1682,2026-06-18,15,XAUUSD,sell,0.01,0.16
1315,2026-06-18,172,XAUUSD,buy,1.0,108.4
183,2026-06-18,69,USDJPY,sell,0.01,-0.18
2457,2026-06-18,105,EURUSD,sell,0.01,-0.5
759,2026-06-18,157,USDJPY,sell,0.1,6.12
2076,2026-06-18,113,USDJPY,sell,0.01,-0.53
1671,2026-06-18,127,EURUSD,sell,0.05,3.77
1603,2026-06-18,80,EURUSD,buy,0.5,0.55
189,2026-06-18,49,EURUSD,sell,0.01,0.6
2000,2026-06-18,54,XAUUSD,buy,0.1,-29.5
2362,2026-06-18,50,USDJPY,sell,0.1,4.97
679,2026-06-18,18,EURUSD,sell,0.5,-51.65
2534,2026-06-18,188,XAUUSD,buy,2.0,-140.34
1774,2026-06-18,130,EURUSD,buy,0.5,9.65
1213,2026-06-18,154,GBPUSD,sell,0.1,-15.99
1159,2026-06-19,91,EURUSD,buy,0.01,0.74
1232,2026-06-19,181,XAUUSD,buy,0.01,0.29
2151,2026-06-19,164,XAUUSD,sell,0.1,-7.51
2278,2026-06-19,41,GBPUSD,buy,1.0,-137.69
2653,2026-06-19,148,XAUUSD,buy,0.01,0.99
557,2026-06-19,160,EURUSD,buy,0.5,-22.92
1242,2026-06-19,64,GBPUSD,sell,0.01,-0.03
2296,2026-06-19,197,USDJPY,buy,0.05,-1.32
2402,2026-06-19,56,GBPUSD,sell,0.01,0.39
129,2026-06-19,13,USDJPY,buy,0.05,2.5
2334,2026-06-19,117,EURUSD,buy,0.05,-4.38
1016,2026-06-19,146,EURUSD,buy,1.0,-192.73
2390,2026-06-19,123,XAUUSD,sell,0.05,-0.15
314,2026-06-19,9,XAUUSD,buy,0.01,0.53
254,2026-06-19,156,XAUUSD,buy,0.1,-10.66
1919,2026-06-22,154,EURUSD,sell,0.5,-9.35
1856,2026-06-22,103,EURUSD,buy,0.1,10.57
1838,2026-06-22,29,XAUUSD,buy,0.1,16.02
2027,2026-06-22,199,XAUUSD,buy,0.1,-15.09
1331,2026-06-22,196,XAUUSD,sell,1.0,-32.04
1091,2026-06-22,198,GBPUSD,sell,0.1,1.97
2829,2026-06-22,166,XAUUSD,buy,0.01,-2.49
1383,2026-06-22,91,EURUSD,sell,0.05,-4.27
40,2026-06-23,63,XAUUSD,buy,0.05,9.61
1543,2026-06-23,31,USDJPY,buy,0.5,79.37
1563,2026-06-23,131,XAUUSD,buy,0.1,-19.35
81,2026-06-23,149,XAUUSD,buy,0.5,-8.54
2409,2026-06-23,181,EURUSD,sell,0.01,-0.47
1661,2026-06-23,49,USDJPY,sell,0.05,2.2
1468,2026-06-23,120,EURUSD,sell,0.05,1.52
2555,2026-06-23,90,GBPUSD,sell,0.1,-8.37
391,2026-06-23,179,USDJPY,sell,2.0,-366.42
2814,2026-06-23,194,EURUSD,sell,0.05,-1.64
2874,2026-06-23,53,XAUUSD,sell,0.01,1.25
2426,2026-06-23,64,GBPUSD,sell,0.05,9.83
2699,2026-06-24,156,EURUSD,buy,0.05,-0.23
1013,2026-06-24,97,USDJPY,buy,0.01,1.13
2720,2026-06-24,81,GBPUSD,buy,0.05,-0.5
2171,2026-06-24,149,EURUSD,sell,0.5,-21.81
879,2026-06-24,95,EURUSD,sell,2.0,309.53
2219,2026-06-24,194,XAUUSD,buy,0.01,-0.15
1215,2026-06-24,48,USDJPY,sell,0.5,78.3
568,2026-06-24,56,EURUSD,sell,0.01,0.58
2254,2026-06-24,7,GBPUSD,buy,0.05,3.83
9,2026-06-24,144,XAUUSD,buy,0.1,-0.05
2187,2026-06-25,12,USDJPY,buy,0.01,-1.55
1339,2026-06-25,91,GBPUSD,buy,0.01,-1.49
1453,2026-06-25,184,USDJPY,sell,0.1,3.13
1769,2026-06-25,70,XAUUSD,sell,0.5,10.26
1870,2026-06-25,139,EURUSD,sell,0.1,5.84
1074,2026-06-25,119,EURUSD,sell,0.1,3.44
278,2026-06-25,132,GBPUSD,buy,0.1,11.03
804,2026-06-25,179,USDJPY,sell,0.05,4.8
1653,2026-06-25,127,XAUUSD,buy,0.5,34.33
1483,2026-06-25,45,EURUSD,buy,0.05,2.59
2047,2026-06-26,91,EURUSD,buy,0.05,-2.15
798,2026-06-26,13,USDJPY,sell,0.01,1.54
584,2026-06-26,7,GBPUSD,buy,0.01,0.83
1371,2026-06-26,40,EURUSD,buy,0.05,-3.92
1808,2026-06-26,57,XAUUSD,sell,0.5,-79.32
266,2026-06-26,18,USDJPY,buy,1.0,1.51
335,2026-06-26,161,EURUSD,sell,0.05,-7.35
2816,2026-06-26,57,GBPUSD,buy,1.0,40.39
2272,2026-06-26,133,GBPUSD,sell,0.5,69.82
171,2026-06-26,20,GBPUSD,sell,0.1,-5.34
1888,2026-06-26,132,USDJPY,sell,0.01,-0.27
11,2026-06-29,128,XAUUSD,buy,1.0,43.12
1606,2026-06-29,108,GBPUSD,sell,0.01,-1.2
2382,2026-06-29,19,XAUUSD,sell,1.0,92.84
1318,2026-06-29,107,EURUSD,sell,0.05,3.9
19,2026-06-29,71,GBPUSD,buy,0.1,5.26
1670,2026-06-29,27,GBPUSD,buy,0.01,0.41
1517,2026-06-29,85,XAUUSD,sell,0.1,-18.13
2724,2026-06-29,188,EURUSD,buy,1.0,69.54
1001,2026-06-29,148,XAUUSD,buy,0.01,1.02
635,2026-06-29,85,EURUSD,sell,0.5,102.64
149,2026-06-29,3,GBPUSD,buy,0.1,12.15
2205,2026-06-29,165,EURUSD,sell,1.0,21.47
503,2026-06-29,169,EURUSD,buy,2.0,-58.82
1530,2026-06-29,110,EURUSD,sell,0.01,-0.11
2325,2026-06-29,27,EURUSD,sell,0.05,0.99
1849,2026-06-29,12,EURUSD,buy,0.5,53.84
2483,2026-06-29,163,USDJPY,buy,1.0,-7.93
1828,2026-06-30,10,USDJPY,buy,0.1,33.16
2138,2026-06-30,136,GBPUSD,sell,0.01,-1.63
2725,2026-06-30,5,USDJPY,buy,0.05,4.55
2467,2026-06-30,120,XAUUSD,buy,0.5,97.86
739,2026-06-30,40,XAUUSD,buy,0.1,24.3
931,2026-06-30,115,XAUUSD,sell,0.01,-1.33
1903,2026-06-30,102,EURUSD,buy,0.01,1.05
1784,2026-06-30,100,USDJPY,sell,0.05,0.78
31,2026-06-30,144,GBPUSD,buy,0.01,0.95
1282,2026-06-30,56,USDJPY,sell,0.1,-0.62
881,2026-06-30,120,XAUUSD,sell,1.0,-130.19
